claim_id,insurance_type,claim_status,billed_amount,date_of_service,duration_days,claim_resolved
0HO1FSN4AP,Self-Pay,Paid,304,08/07/2024,11,1
9U86CI2P5A,Medicare,Paid,348,06/21/2024,24,1
1QEU1AIDAU,Commercial,Under Review,235,07/04/2024,82,0
WH7XDS8CEO,Medicare,Denied,112,05/26/2024,44,1
M6OJEZ8KGI,Medicare,Denied,406,07/16/2024,25,1
NST1AJ3BG4,Self-Pay,Paid,272,06/04/2024,25,1
G7C9QQKWHN,Medicare,Denied,358,07/28/2024,45,1
GTGZLOTL2C,Medicaid,Under Review,365,05/30/2024,68,0
TLU7MTJ63J,Medicare,Denied,126,07/16/2024,23,1
44K5PG8X8S,Medicare,Paid,342,05/02/2024,15,1
TO2JYK61C0,Medicare,Under Review,141,05/12/2024,87,0
DOX1BBCXK5,Medicaid,Under Review,113,05/11/2024,88,0
LH04A1LY4B,Self-Pay,Under Review,248,06/08/2024,74,0
2ETLXC20SI,Commercial,Denied,162,06/28/2024,50,1
2VO26C5QLH,Medicaid,Paid,493,08/10/2024,12,1
BCCMJ8LJ96,Medicaid,Denied,260,07/02/2024,45,1
08283DU65I,Medicaid,Under Review,126,08/24/2024,84,0
1EO0LLBIBO,Medicaid,Under Review,311,09/11/2024,79,0
640R5YIQ6A,Medicaid,Paid,408,08/27/2024,25,1
BLI177KZBU,Self-Pay,Denied,130,08/23/2024,42,1
T3ZDMQHOSX,Medicaid,Under Review,146,07/30/2024,65,0
P5FJOMYEDC,Commercial,Denied,150,06/24/2024,18,1
TCXP3XFFDS,Medicare,Paid,285,07/11/2024,10,1
IF5G6HAB92,Medicaid,Paid,139,07/16/2024,6,1
IFXQAH3MIK,Medicare,Denied,126,06/08/2024,44,1
2SARP2I5H9,Commercial,Under Review,160,07/19/2024,87,0
ZY5NISVAQY,Self-Pay,Under Review,215,09/09/2024,61,0
RWKH596U64,Commercial,Denied,308,08/31/2024,29,1
UH0C4B3YR5,Commercial,Paid,416,05/29/2024,16,1
G7DPHO9I6X,Commercial,Paid,170,08/18/2024,29,1
DWI3T87WCR,Self-Pay,Under Review,135,06/18/2024,60,0
AYT4TJVKH7,Medicaid,Paid,202,07/26/2024,14,1
LDWX5I35Y9,Medicare,Paid,142,09/20/2024,20,1
RAMTWM13DS,Self-Pay,Denied,448,07/16/2024,19,1
U45AZS93YA,Medicaid,Denied,363,07/19/2024,20,1
8HAXMI6098,Self-Pay,Denied,455,07/16/2024,40,1
ASZ32XSR0X,Self-Pay,Paid,397,06/23/2024,16,1
W2X0AC9IUT,Medicaid,Paid,237,06/28/2024,27,1
1OKE09QSKL,Commercial,Paid,410,08/18/2024,24,1
U539ZAE2H7,Self-Pay,Under Review,283,08/29/2024,69,0
K7LWVFCPFJ,Self-Pay,Under Review,256,05/11/2024,62,0
PHOAQ5H154,Commercial,Denied,324,06/05/2024,26,1
O86NS56KJ1,Self-Pay,Paid,400,06/18/2024,23,1
NSK6R4LGQ4,Medicaid,Paid,148,09/10/2024,11,1
MCJ9C4ZQPO,Commercial,Denied,327,08/28/2024,28,1
82R3QQ9VPC,Medicaid,Under Review,447,05/23/2024,88,0
W144BLZQ5X,Self-Pay,Under Review,446,07/20/2024,69,0
RWB3CY2N3R,Medicare,Paid,370,08/22/2024,22,1
NHHPZSIUQ1,Medicaid,Denied,336,07/02/2024,50,1
PE929KSW1T,Self-Pay,Paid,118,08/07/2024,29,1
IQTLZNJJHC,Self-Pay,Under Review,483,09/13/2024,60,0
SXA0Y4D2F4,Medicaid,Under Review,171,05/30/2024,64,0
YRWDW54QCU,Commercial,Denied,448,05/31/2024,47,1
XFZSM9KRYN,Commercial,Denied,412,08/06/2024,20,1
AVDFWNW7BN,Commercial,Under Review,323,09/10/2024,70,0
6S2L1EFYSK,Medicare,Paid,465,08/15/2024,24,1
U9APUQPEOK,Medicaid,Paid,284,09/03/2024,19,1
1L74T6EQHS,Medicaid,Under Review,111,06/27/2024,84,0
HEDXUK78NG,Commercial,Paid,107,07/13/2024,16,1
Y4I4JQPVK4,Self-Pay,Under Review,267,07/11/2024,79,0
OZ0STLJCOJ,Medicaid,Under Review,401,08/28/2024,87,0
3CDC3F7YA6,Self-Pay,Denied,453,05/03/2024,54,1
7TSWS4AHEN,Commercial,Under Review,439,07/13/2024,70,0
RD48W0M9WX,Medicaid,Denied,442,08/09/2024,34,1
PRD42TVDPG,Commercial,Denied,481,07/16/2024,15,1
L89UDLJ2NI,Medicare,Under Review,215,07/28/2024,64,0
PKDYQLLP1T,Medicare,Under Review,148,05/17/2024,71,0
70RB2DX72C,Medicaid,Paid,372,09/01/2024,8,1
687AAGZGYM,Medicare,Denied,229,05/23/2024,23,1
JNFJSO06YF,Commercial,Denied,232,08/29/2024,25,1
I5ZQJAAX9H,Self-Pay,Paid,268,07/04/2024,26,1
NNDPDP4PUX,Commercial,Denied,148,06/17/2024,38,1
P4M0WYYASU,Medicaid,Under Review,446,06/18/2024,83,0
MR88OM31L0,Commercial,Paid,189,05/20/2024,26,1
HQFAB2SMC9,Commercial,Denied,197,06/22/2024,44,1
NDJKQIKBJR,Self-Pay,Denied,487,08/18/2024,45,1
3XOA6SC9QY,Medicare,Denied,465,06/05/2024,19,1
UETPKIKATP,Medicaid,Paid,343,07/02/2024,14,1
1L48S5IGVD,Medicare,Denied,146,08/23/2024,28,1
PTTJVMFLUA,Self-Pay,Denied,172,06/27/2024,25,1
3JPU21TOE9,Medicaid,Denied,211,06/15/2024,23,1
7M8ZDCDCTG,Commercial,Denied,262,05/16/2024,48,1
HCL9H8CQGO,Medicaid,Paid,247,08/20/2024,12,1
3JA9PT2RH3,Medicare,Under Review,261,07/12/2024,61,0
8M9EXYS5CT,Self-Pay,Under Review,394,07/06/2024,68,0
W8SPOELELC,Commercial,Denied,390,09/20/2024,15,1
N7604XMPSX,Medicare,Under Review,258,08/28/2024,79,0
53DW6Z56H1,Medicaid,Under Review,216,06/04/2024,85,0
6YZ62OZFAN,Commercial,Under Review,154,09/01/2024,88,0
BYQIHBG8AD,Commercial,Paid,231,05/25/2024,17,1
7KGAUFE3MK,Medicare,Under Review,241,06/04/2024,82,0
6WVZ1JS19L,Commercial,Under Review,348,05/15/2024,62,0
BDK55VFH1X,Medicaid,Denied,451,08/11/2024,51,1
SD9AW0B386,Commercial,Under Review,237,07/04/2024,64,0
MH2GKOI48N,Commercial,Denied,480,06/15/2024,44,1
PFSWJWBGSB,Self-Pay,Paid,268,06/29/2024,17,1
8BYBEXV9ID,Commercial,Denied,319,06/08/2024,35,1
0U7E1EAUSA,Commercial,Under Review,342,05/27/2024,60,0
NXKCCKA5NX,Medicaid,Denied,460,07/23/2024,19,1
FJ8Q3JW6BH,Self-Pay,Under Review,105,06/26/2024,78,0
BVE7444IA9,Medicaid,Denied,228,06/10/2024,28,1
1OIRVKJHYQ,Medicaid,Paid,304,08/24/2024,11,1
2HT9P3RCXC,Self-Pay,Paid,187,08/21/2024,13,1
EMEH7GT8L5,Self-Pay,Denied,236,07/29/2024,39,1
1ZE0CH9ANF,Medicare,Denied,129,09/19/2024,59,1
LD9ZVUWJ7S,Medicaid,Under Review,335,07/10/2024,77,0
17VQIO0ZZG,Medicaid,Denied,409,06/25/2024,39,1
OJFM3JQZ1S,Self-Pay,Paid,303,05/18/2024,28,1
0SDKFKDYX1,Commercial,Paid,429,08/29/2024,15,1
KVJQXB7QNB,Self-Pay,Under Review,464,06/29/2024,89,0
TNZPP780RC,Commercial,Under Review,211,09/12/2024,61,0
PMIJKF5WZO,Medicaid,Paid,398,06/28/2024,12,1
SVV61N3AQ7,Commercial,Denied,342,06/29/2024,28,1
XZW4R6GEEF,Medicare,Denied,206,05/09/2024,46,1
03KUGWSDD8,Medicaid,Under Review,211,06/07/2024,84,0
XK6VBWVA46,Self-Pay,Paid,281,07/16/2024,9,1
EOQUYX5O54,Medicaid,Paid,289,06/10/2024,14,1
JAC7K36F6Y,Commercial,Denied,379,07/05/2024,29,1
7J1R25LVGG,Medicaid,Under Review,476,07/31/2024,70,0
EF88E3TVPL,Medicaid,Paid,464,08/22/2024,11,1
5K0KC4SOY9,Commercial,Denied,293,09/08/2024,31,1
SX8SWSLL97,Medicare,Under Review,152,07/27/2024,71,0
FWFLP75LPZ,Medicaid,Under Review,314,07/25/2024,65,0
3AJGX7SNXM,Commercial,Under Review,498,05/11/2024,79,0
2FJH03XQ5I,Commercial,Under Review,484,06/18/2024,82,0
4K0UUQPBR1,Medicaid,Paid,415,06/18/2024,20,1
0TEY5ZGYC2,Commercial,Denied,274,05/23/2024,53,1
PCW1NM7UDE,Self-Pay,Denied,348,05/17/2024,20,1
KDW6UKGYW2,Medicaid,Paid,273,06/06/2024,28,1
65XDY8M28P,Self-Pay,Denied,156,07/21/2024,17,1
D7B9YJ8WSE,Self-Pay,Paid,251,07/27/2024,7,1
I3W13NNO8Q,Medicare,Denied,359,07/15/2024,22,1
BG5RPIOIIX,Commercial,Under Review,228,09/07/2024,82,0
SALNYWZEJK,Medicaid,Denied,455,05/08/2024,29,1
3SM4G4NZMA,Self-Pay,Denied,336,07/28/2024,43,1
O38GQS2XNJ,Self-Pay,Under Review,372,09/06/2024,80,0
3P0VBBX35A,Self-Pay,Under Review,131,06/27/2024,60,0
LL816PKJ2U,Medicare,Denied,156,09/07/2024,53,1
P3QXGKP89A,Self-Pay,Paid,382,06/28/2024,19,1
WWIM3NJL2Y,Self-Pay,Under Review,435,05/14/2024,88,0
P81LLPJR67,Self-Pay,Under Review,351,08/18/2024,65,0
ONKNYV8849,Medicaid,Denied,244,06/23/2024,52,1
GWA3OQX4F2,Medicare,Under Review,188,09/03/2024,74,0
0SXKR4897N,Self-Pay,Denied,409,09/14/2024,51,1
KE2JUP5NKX,Medicaid,Denied,178,09/15/2024,41,1
UZGEPUI1ZD,Medicare,Under Review,396,05/26/2024,61,0
AWOUVDKC2I,Medicare,Paid,434,08/16/2024,13,1
A0QE4YSQ69,Self-Pay,Paid,251,09/01/2024,19,1
W7NKLL5GMD,Commercial,Under Review,365,07/31/2024,82,0
DKC9G21BFU,Medicaid,Paid,214,09/10/2024,14,1
E5WVM3JMNQ,Medicare,Under Review,115,07/03/2024,70,0
YCGP8RKL8Y,Commercial,Paid,381,08/12/2024,23,1
XQTYU38PUI,Commercial,Paid,203,06/28/2024,11,1
OUBQ9XVBSR,Self-Pay,Under Review,139,06/25/2024,77,0
I5O7G25IAN,Medicare,Under Review,498,08/23/2024,77,0
VUBDXKSITN,Commercial,Paid,292,09/04/2024,8,1
ZRUKF056OF,Medicaid,Under Review,144,05/03/2024,85,0
AY4L0KGRHL,Medicaid,Under Review,216,07/23/2024,67,0
NQU276KNZT,Medicare,Denied,430,05/27/2024,38,1
F78K1VGNH4,Medicare,Paid,145,06/13/2024,17,1
BEAN2D0O3M,Medicaid,Denied,371,06/07/2024,43,1
CQILUKTAFA,Commercial,Paid,351,07/31/2024,15,1
80DLRL727R,Medicaid,Denied,324,06/20/2024,19,1
0HD3Q0V5IC,Medicare,Paid,292,05/23/2024,17,1
56F9KQZFDL,Medicare,Denied,316,07/17/2024,18,1
IE1OJBS037,Medicaid,Paid,440,06/14/2024,23,1
JI72DWMJQX,Self-Pay,Denied,358,06/28/2024,59,1
ASXNSARMMM,Self-Pay,Denied,364,06/18/2024,16,1
1DFD6LPA9G,Medicare,Denied,264,08/29/2024,41,1
QS994CBH9A,Self-Pay,Paid,250,07/28/2024,17,1
JYOSMJ1CRQ,Commercial,Denied,441,06/12/2024,50,1
9IH6BVYTLG,Self-Pay,Paid,153,05/20/2024,25,1
HLMIGVNKJ7,Commercial,Paid,205,08/19/2024,10,1
UZR5F00FFZ,Commercial,Denied,154,05/09/2024,57,1
0APP6HH8P5,Commercial,Denied,224,05/02/2024,41,1
9D3MU6S6VP,Commercial,Paid,144,05/05/2024,24,1
2F80QSVG1R,Commercial,Paid,121,05/13/2024,15,1
HBDFQ5AGAA,Medicare,Paid,443,06/13/2024,27,1
KG6SX3AG7V,Commercial,Denied,496,08/10/2024,24,1
O0O7I4PCDS,Commercial,Paid,148,06/28/2024,11,1
RKGK9M4GZO,Medicare,Paid,432,07/29/2024,5,1
L4G0MU05IT,Self-Pay,Denied,428,05/25/2024,20,1
BWTZDPRYZZ,Medicaid,Under Review,459,07/31/2024,68,0
EWUTRPI1J8,Medicaid,Denied,152,07/03/2024,37,1
96XG4GK9RV,Self-Pay,Under Review,355,07/14/2024,68,0
HD07525Z0X,Commercial,Paid,288,07/09/2024,17,1
G1JP7RHVW8,Medicaid,Under Review,176,09/01/2024,75,0
F501F1764T,Medicare,Paid,212,05/17/2024,7,1
B4MSXFA2GR,Commercial,Paid,158,07/03/2024,11,1
XE2Z4WKGGB,Medicaid,Paid,361,06/24/2024,10,1
M97JVAMO2P,Medicare,Paid,351,09/14/2024,12,1
NI9CBAIJTD,Medicaid,Paid,410,05/16/2024,13,1
9LEEKO4KJC,Medicare,Paid,149,08/29/2024,9,1
J0FY34DBL2,Commercial,Denied,234,07/31/2024,54,1
6E6Q3BQE0N,Medicare,Denied,254,07/28/2024,57,1
M7ILBBTT8L,Medicaid,Under Review,140,05/16/2024,88,0
47HVBI67F2,Commercial,Under Review,352,05/12/2024,65,0
CBX9LUCCSS,Medicare,Paid,359,08/31/2024,28,1
T0BTL69QA7,Medicaid,Under Review,205,09/18/2024,63,0
0GDEC1CH9Z,Commercial,Paid,211,09/19/2024,26,1
AN72PT567Q,Self-Pay,Under Review,107,05/09/2024,78,0
QYKLHSFZT2,Commercial,Paid,182,07/16/2024,13,1
VVEOSUKMII,Commercial,Denied,495,07/22/2024,56,1
AHJ5ABWBA4,Self-Pay,Under Review,113,05/11/2024,77,0
1C54EPEN70,Medicaid,Denied,418,06/29/2024,45,1
ZJX40JVXLG,Medicaid,Denied,306,07/26/2024,23,1
4PRWBE0QQ3,Medicare,Paid,236,07/24/2024,16,1
GJMUVI7CZZ,Medicaid,Under Review,437,06/10/2024,78,0
PDYXDJBNAN,Medicaid,Under Review,108,08/26/2024,72,0
DA52QW9HGS,Self-Pay,Paid,354,07/04/2024,7,1
P88ZS7XL1F,Self-Pay,Paid,325,07/18/2024,21,1
Z42IOQWBTC,Commercial,Paid,421,08/05/2024,9,1
HIBKOPNEIE,Commercial,Denied,456,07/25/2024,37,1
TD0EG8I93R,Commercial,Paid,349,08/17/2024,28,1
TQ08LFF3FV,Medicare,Under Review,361,06/03/2024,66,0
70RGURTCPA,Medicare,Denied,213,08/22/2024,35,1
KL2NRHBXG3,Medicaid,Paid,222,08/01/2024,6,1
3UNK73M0U0,Medicare,Paid,181,05/14/2024,6,1
3SH5BZYEI6,Medicaid,Under Review,208,05/13/2024,60,0
VLC4EZKBL3,Self-Pay,Paid,127,06/10/2024,27,1
7JKH2VI6DD,Medicare,Under Review,320,07/16/2024,85,0
Z7O5NINUTV,Commercial,Paid,407,05/04/2024,5,1
NGUGYELCR7,Commercial,Denied,324,08/15/2024,35,1
0HP3KCYTOK,Commercial,Under Review,152,05/02/2024,80,0
HJPIDCPCV5,Self-Pay,Under Review,255,09/02/2024,78,0
EHOUC8V902,Medicaid,Denied,435,05/09/2024,24,1
F3ZASAI1IE,Self-Pay,Paid,462,08/03/2024,16,1
Y2S1DJROQO,Self-Pay,Under Review,285,09/11/2024,84,0
302RLDJRB7,Medicare,Denied,116,07/03/2024,49,1
IJ5T168FLX,Medicaid,Under Review,267,05/06/2024,76,0
8UNA2IB1ZX,Medicare,Paid,196,05/17/2024,27,1
5C9OLF3YP8,Commercial,Denied,207,08/30/2024,25,1
PXYIFX4268,Medicaid,Denied,418,07/08/2024,52,1
9U2R6WEED3,Self-Pay,Paid,468,06/17/2024,21,1
O3CSIRMW8P,Medicaid,Under Review,446,07/26/2024,85,0
4AECRPPSTL,Commercial,Under Review,214,05/01/2024,70,0
DZFSOUHGBF,Medicaid,Under Review,135,06/27/2024,62,0
3IR5DUUQ5M,Medicare,Denied,203,05/30/2024,48,1
EJ00KS11Z8,Self-Pay,Under Review,169,05/03/2024,73,0
PM54Q7IGGF,Commercial,Denied,472,08/17/2024,31,1
8HM2VGTBHP,Commercial,Denied,303,07/28/2024,57,1
8M3S6ZC4GU,Medicare,Denied,217,08/01/2024,58,1
6RUEXRV795,Commercial,Under Review,444,07/22/2024,73,0
WUXPAPYDJU,Commercial,Denied,488,05/11/2024,39,1
RMII003H08,Self-Pay,Denied,136,06/26/2024,21,1
1M1MK6JZAL,Commercial,Denied,144,05/19/2024,20,1
F2LVCBX3C9,Commercial,Under Review,461,05/08/2024,85,0
8JOH31L3XF,Medicaid,Under Review,126,07/04/2024,67,0
9HQARUCJAZ,Medicaid,Denied,129,09/07/2024,43,1
BBMF6OIC4Q,Medicaid,Under Review,120,06/10/2024,61,0
7QWWTFM7MQ,Medicaid,Denied,361,06/23/2024,36,1
8JTYJBLKYX,Commercial,Denied,350,06/24/2024,40,1
78U9JVB2CS,Commercial,Paid,450,09/03/2024,7,1
RS1YY0WY24,Self-Pay,Paid,111,05/28/2024,23,1
0ELR493PP9,Medicare,Denied,133,05/18/2024,21,1
NYK85QFJ0M,Commercial,Denied,484,06/02/2024,31,1
7U2W94AYFZ,Medicare,Denied,147,06/20/2024,34,1
HA3XD6KGLI,Self-Pay,Denied,153,08/19/2024,55,1
UVS6HAYALP,Medicaid,Under Review,376,08/20/2024,61,0
6LXMWY1BCC,Self-Pay,Denied,104,05/12/2024,36,1
6LPK8EMVDS,Self-Pay,Denied,205,07/31/2024,42,1
ES1H10757M,Medicaid,Under Review,117,07/23/2024,74,0
T8V8F2TJVN,Medicare,Denied,119,06/19/2024,21,1
BADGAN63O1,Medicare,Under Review,172,07/25/2024,63,0
75AMCU420G,Commercial,Denied,177,07/05/2024,46,1
BRLBQB5Z8W,Commercial,Paid,485,08/28/2024,29,1
JS9Z9BOJW0,Self-Pay,Paid,242,07/28/2024,29,1
AFCVL9N05Z,Medicaid,Paid,108,05/01/2024,22,1
02HDTMEYBE,Medicare,Under Review,330,05/20/2024,65,0
RYK7V1USXY,Medicare,Paid,336,07/14/2024,14,1
H78BQWI46Q,Medicaid,Under Review,496,05/21/2024,77,0
L70MLPG9WX,Commercial,Under Review,418,08/29/2024,71,0
WGL8FHI7HO,Self-Pay,Under Review,323,06/17/2024,86,0
ASAGRMN99L,Medicare,Denied,242,09/18/2024,43,1
FP4D1HMS97,Commercial,Denied,276,09/04/2024,44,1
N3LXU6E2HC,Self-Pay,Denied,224,05/03/2024,30,1
JTXKJPEWZQ,Medicare,Under Review,315,06/10/2024,82,0
YC4IVKN73T,Self-Pay,Under Review,408,09/20/2024,70,0
DE86ZVSWGN,Medicaid,Under Review,493,09/04/2024,82,0
68L79548I3,Self-Pay,Under Review,353,07/18/2024,75,0
KBNFZU8SYL,Commercial,Denied,463,09/16/2024,28,1
B7CSMGD65V,Medicaid,Under Review,248,05/03/2024,80,0
7JDTQEZSPW,Self-Pay,Paid,232,09/08/2024,9,1
BM46KSJ4FY,Commercial,Paid,382,06/25/2024,27,1
TNT7EEVKZX,Medicare,Under Review,370,07/23/2024,84,0
5Y01VKW01M,Self-Pay,Paid,302,05/22/2024,13,1
XRRAATHX7I,Medicaid,Paid,119,09/02/2024,7,1
4LMUCC6EEL,Medicare,Paid,395,07/16/2024,23,1
CPRNC20S0K,Commercial,Under Review,379,09/05/2024,74,0
CVF7Y7KAOZ,Medicaid,Paid,367,07/15/2024,20,1
R7RLXFRSWX,Commercial,Denied,297,07/22/2024,17,1
FNX1TBN1XF,Commercial,Paid,445,08/30/2024,24,1
WE9JLOLRC8,Medicaid,Under Review,474,07/21/2024,81,0
UXDDPVCG8H,Medicare,Paid,143,07/07/2024,26,1
FOUC4DURB1,Self-Pay,Denied,439,07/21/2024,33,1
E4MFSKTKPN,Self-Pay,Denied,253,05/08/2024,48,1
IN0BAMQIXM,Commercial,Denied,445,07/21/2024,47,1
RI8HZ0BFT4,Self-Pay,Under Review,166,05/15/2024,63,0
B5ULJ1M5SS,Commercial,Denied,291,06/05/2024,42,1
90VPEVGZTG,Medicaid,Paid,359,05/09/2024,21,1
NFRJPHB0YM,Self-Pay,Paid,171,08/14/2024,12,1
GO8ABAHN8D,Commercial,Denied,246,06/04/2024,43,1
2Q8UK89CPS,Medicare,Under Review,441,05/15/2024,86,0
J0JCK9H2HR,Medicaid,Denied,166,07/20/2024,15,1
MU2O5Y4HBK,Medicare,Denied,483,08/14/2024,17,1
BH0DC85TS6,Medicaid,Under Review,206,09/11/2024,87,0
TC3HF0R7CG,Medicaid,Paid,419,07/11/2024,20,1
6YE0Z7FPZF,Medicaid,Under Review,214,08/17/2024,67,0
97S0OI2HTJ,Self-Pay,Denied,435,05/13/2024,51,1
JV9HY385RY,Self-Pay,Denied,398,05/19/2024,17,1
VIQOSRTPW6,Medicaid,Paid,331,07/17/2024,22,1
R4TIU6SCHJ,Medicare,Paid,414,06/09/2024,18,1
6JFCY852AG,Medicaid,Denied,123,07/31/2024,22,1
BPQGMWQA5R,Medicare,Denied,348,07/01/2024,48,1
5TKHQC4OPH,Medicare,Paid,412,08/29/2024,26,1
OLX3Q4HRIX,Medicaid,Paid,320,05/25/2024,7,1
3VEZPISXYZ,Medicaid,Paid,472,07/06/2024,20,1
FQBY5Z2ZG2,Commercial,Under Review,208,09/09/2024,85,0
DTYB61YENA,Medicare,Under Review,431,05/07/2024,84,0
RZUF3PE99H,Commercial,Denied,331,06/30/2024,57,1
SVR2H11FYO,Medicare,Under Review,485,07/28/2024,70,0
1R1XZAPUJU,Self-Pay,Denied,325,06/23/2024,18,1
01L9NHVIUU,Medicaid,Denied,483,05/14/2024,51,1
CL2E6108TV,Self-Pay,Paid,327,08/31/2024,25,1
OAQOSKB3CR,Commercial,Denied,165,08/17/2024,28,1
XF5680G3VT,Self-Pay,Denied,371,07/06/2024,45,1
R2SLJKKWFZ,Commercial,Paid,140,05/28/2024,28,1
LQYHO7NJCW,Commercial,Paid,432,07/18/2024,12,1
GHVECIEWLH,Medicare,Paid,275,08/24/2024,11,1
C3PKOULKZP,Commercial,Under Review,114,09/18/2024,69,0
IFPYN6IAQA,Medicare,Denied,360,06/15/2024,47,1
96MDHYJRRY,Commercial,Denied,190,07/02/2024,37,1
N0T94WRUFA,Medicare,Denied,170,06/27/2024,35,1
C9ZBG0R9D0,Commercial,Under Review,307,06/25/2024,63,0
KIDOEFPCL0,Medicare,Paid,393,05/08/2024,23,1
B9L38ZKA7V,Medicare,Paid,134,08/31/2024,26,1
8EW7CJOK89,Medicaid,Paid,168,08/30/2024,27,1
7E8Y0EUKNJ,Self-Pay,Denied,325,06/11/2024,32,1
YGQUDAGP9B,Self-Pay,Denied,384,06/15/2024,16,1
DH2T793H5U,Medicare,Denied,208,08/05/2024,15,1
FSKS53L7J4,Medicaid,Denied,483,06/16/2024,19,1
0UG8YIGH0T,Self-Pay,Paid,131,09/13/2024,17,1
5WEE0PSTC3,Commercial,Denied,159,08/01/2024,25,1
UMCTO3BEC0,Commercial,Under Review,159,08/04/2024,69,0
H4QNL8ZBRP,Commercial,Denied,460,09/17/2024,16,1
1RSN8PDSYU,Medicare,Denied,410,05/27/2024,17,1
XD8C82CW3P,Medicaid,Denied,162,09/12/2024,37,1
3GNCR4HL46,Self-Pay,Paid,421,05/17/2024,5,1
16QBHSWXOJ,Medicaid,Paid,304,09/20/2024,19,1
3XS4QK00DY,Medicaid,Paid,216,06/08/2024,5,1
SPFYYRQ9GH,Commercial,Denied,382,08/31/2024,51,1
CCDDLJ7UW8,Commercial,Paid,474,07/08/2024,20,1
0WRW4TL9HD,Commercial,Denied,405,08/30/2024,44,1
BM10M6FKNZ,Medicaid,Paid,143,09/12/2024,8,1
3JUWWCNMLF,Self-Pay,Under Review,368,09/07/2024,85,0
AHYTK3IUCS,Medicare,Under Review,303,07/30/2024,68,0
9VLDIYIQ8G,Medicaid,Paid,307,06/09/2024,21,1
AXFYJ7MX3A,Medicaid,Denied,141,05/06/2024,36,1
NY9SLPB2UB,Medicaid,Under Review,423,05/08/2024,83,0
WQJ50L25Y4,Commercial,Under Review,331,07/24/2024,85,0
LRU2G1YR12,Medicare,Denied,134,08/07/2024,31,1
J9ECN1F636,Medicare,Under Review,385,09/05/2024,88,0
C7Z7JJWRJN,Medicare,Under Review,464,05/24/2024,69,0
8GX912R67E,Self-Pay,Paid,328,09/08/2024,9,1
1QJPSYN8CF,Commercial,Under Review,169,05/10/2024,83,0
VGUXDCV9Y8,Commercial,Under Review,118,06/15/2024,75,0
4K4Z6BCD6J,Medicaid,Paid,339,05/05/2024,18,1
C00FD4KL4V,Medicaid,Denied,286,06/27/2024,28,1
DNFMWNRD9U,Medicare,Denied,111,07/28/2024,23,1
9Y4KE7SXSQ,Medicare,Paid,322,08/16/2024,5,1
DAVFOV90QE,Medicaid,Denied,197,08/21/2024,16,1
ALM8QCMOBM,Self-Pay,Under Review,135,05/06/2024,77,0
SDC9H2BOJC,Medicare,Paid,232,08/27/2024,27,1
AZLH3XYRRW,Medicare,Under Review,395,06/12/2024,78,0
IVSNZQUSXZ,Commercial,Paid,177,06/12/2024,7,1
Z33I5R1X6S,Commercial,Paid,392,09/05/2024,22,1
12RGJ3FDA4,Commercial,Under Review,364,07/21/2024,66,0
OF3WTXDV0U,Medicare,Under Review,449,08/05/2024,69,0
WP7M866DJT,Self-Pay,Under Review,227,06/16/2024,84,0
OLJ2M5UCO2,Medicare,Under Review,208,07/15/2024,77,0
20OHERICHK,Commercial,Paid,316,06/01/2024,12,1
LAA44N1TSP,Self-Pay,Denied,425,06/26/2024,48,1
X32L8C6W1X,Medicare,Paid,424,05/29/2024,28,1
4LTCMW1PQS,Self-Pay,Paid,468,07/28/2024,22,1
KRQ6IPHZYW,Commercial,Paid,108,06/10/2024,19,1
S5U5QAIGT7,Self-Pay,Denied,441,06/26/2024,20,1
YWMP4K6MXK,Self-Pay,Paid,255,06/30/2024,27,1
VTAUFJ7BKN,Commercial,Under Review,398,08/17/2024,74,0
TALPH0CNJK,Self-Pay,Under Review,423,08/09/2024,76,0
M5MNO9SHGJ,Self-Pay,Under Review,206,08/22/2024,62,0
0C3ZMYDXMO,Self-Pay,Denied,489,06/04/2024,55,1
L2ENUTGO5B,Medicaid,Paid,435,07/20/2024,12,1
HPXPNC70AU,Medicare,Under Review,163,07/31/2024,60,0
UWYNJXDO8V,Medicaid,Denied,453,05/08/2024,31,1
GFHQX72JNU,Medicaid,Under Review,107,07/06/2024,80,0
LAN2241BE2,Medicare,Denied,472,08/29/2024,39,1
SD7BGWTWQI,Self-Pay,Denied,121,06/16/2024,52,1
O41UCA1NV5,Self-Pay,Paid,274,07/17/2024,11,1
0H47YAG0MY,Medicare,Denied,155,05/21/2024,37,1
XUQ2FGB74Q,Commercial,Under Review,237,08/28/2024,74,0
VN32TA88KS,Medicaid,Under Review,103,07/23/2024,62,0
20IY5UNIFR,Self-Pay,Under Review,366,05/15/2024,87,0
4SA4IIPARK,Medicaid,Denied,256,08/22/2024,41,1
8H6FAKD1OH,Medicaid,Under Review,244,05/01/2024,70,0
N6F3POFGQ3,Commercial,Denied,272,08/02/2024,20,1
2UH8ILFP75,Medicare,Paid,363,05/16/2024,11,1
QNOX3H2NWY,Commercial,Under Review,459,06/02/2024,73,0
RH0CA7UMA5,Commercial,Denied,151,07/31/2024,48,1
M86NJDTZGV,Self-Pay,Under Review,259,05/07/2024,88,0
OG6QYF8WN0,Commercial,Paid,239,06/28/2024,24,1
FY4ARNIAR0,Medicare,Denied,336,07/23/2024,21,1
BWYHFOFN0K,Commercial,Paid,198,08/02/2024,12,1
G81CW7DUDU,Commercial,Under Review,192,05/20/2024,61,0
DCMT4YXL78,Self-Pay,Under Review,168,06/26/2024,62,0
OQZ5GVP2W3,Medicaid,Under Review,494,09/06/2024,66,0
2SGU0UOZN5,Medicare,Denied,142,07/04/2024,35,1
F2E9ST7Z1O,Medicare,Under Review,276,08/10/2024,77,0
EYOS09JPEW,Medicaid,Denied,193,09/12/2024,16,1
WWX6WBPW0J,Medicare,Denied,321,06/29/2024,57,1
Z90Y40KDPV,Commercial,Paid,388,06/06/2024,6,1
BRAEVGQEU7,Medicare,Under Review,127,06/09/2024,88,0
030EVXL9B7,Self-Pay,Denied,385,06/14/2024,40,1
GAAC6UT7P6,Commercial,Denied,248,05/27/2024,43,1
EFI4YJFPYP,Self-Pay,Under Review,454,07/28/2024,76,0
5WY4U18XAL,Self-Pay,Under Review,401,08/10/2024,70,0
G6MHX5MW9A,Self-Pay,Denied,436,08/27/2024,54,1
PBAFT6EYLJ,Medicaid,Under Review,261,07/03/2024,83,0
995ZGGP5YQ,Self-Pay,Denied,484,06/23/2024,50,1
THD8NIN8TY,Commercial,Paid,122,06/09/2024,24,1
WXBN0W53RM,Medicaid,Paid,390,08/20/2024,14,1
5PH5HE0L8N,Medicaid,Denied,446,08/21/2024,49,1
4ALDUTERFT,Self-Pay,Under Review,381,08/19/2024,85,0
IKQ5AY8IP1,Commercial,Denied,234,08/02/2024,38,1
9HBSSJQZDY,Commercial,Paid,147,09/18/2024,15,1
TAPW4HOKKM,Medicaid,Under Review,423,08/11/2024,66,0
K7J1X0HONB,Medicaid,Under Review,129,05/29/2024,72,0
KZX6FP6J9O,Medicare,Paid,328,07/31/2024,12,1
YZAGYKYRB2,Medicaid,Under Review,313,05/24/2024,63,0
2WHWNIY1TM,Medicaid,Under Review,389,07/12/2024,67,0
586EP1QAYC,Medicaid,Paid,217,07/16/2024,16,1
OF7UX4XGSW,Medicare,Paid,112,07/15/2024,9,1
9Y20UR7643,Commercial,Paid,499,07/31/2024,11,1
7MG5FQREVH,Medicaid,Under Review,466,08/07/2024,62,0
M99CP63NEC,Commercial,Denied,427,07/19/2024,57,1
3C75WW2CAV,Medicaid,Paid,221,06/03/2024,17,1
0ZN02U4OKS,Self-Pay,Under Review,250,06/03/2024,60,0
MWH0ES7NQW,Commercial,Under Review,183,06/03/2024,86,0
7PN5XKSAPC,Commercial,Under Review,432,05/26/2024,65,0
U4IFB14TLJ,Medicare,Paid,389,06/09/2024,27,1
ZCAL98SER3,Medicare,Under Review,471,05/13/2024,66,0
3W1ZGOCWBR,Medicare,Paid,215,05/11/2024,24,1
WF4YVYAFG4,Commercial,Under Review,104,05/22/2024,72,0
WUXNNYREGV,Self-Pay,Denied,147,06/18/2024,15,1
T4IK0M3OTB,Commercial,Paid,487,05/14/2024,22,1
8MSN086HUZ,Medicare,Under Review,433,08/14/2024,61,0
TM2STRE477,Self-Pay,Paid,353,07/19/2024,23,1
M64MV5E6F4,Commercial,Under Review,430,06/30/2024,64,0
4U3PWYYT8N,Medicare,Paid,278,07/18/2024,28,1
QIGS8Q9MEP,Medicare,Paid,246,07/03/2024,23,1
QIUN6AO9ZU,Commercial,Paid,108,07/29/2024,27,1
BCI8Z8GZAG,Self-Pay,Under Review,220,07/29/2024,67,0
F63YLTVPE1,Medicare,Denied,422,08/04/2024,51,1
D8WZASCOKT,Medicare,Paid,139,07/19/2024,27,1
ITE8467J13,Medicaid,Paid,224,09/19/2024,13,1
43JJ315IOE,Self-Pay,Paid,363,05/27/2024,16,1
XA9XX1CF8K,Medicaid,Under Review,121,07/10/2024,81,0
WNA889GLOD,Self-Pay,Under Review,422,06/08/2024,71,0
RGD4XQNGNK,Medicaid,Under Review,160,05/05/2024,88,0
QYJZ30BVLC,Medicare,Denied,328,05/07/2024,33,1
NCHSYXWG77,Commercial,Under Review,324,08/04/2024,62,0
IF6K1UDRVA,Self-Pay,Under Review,252,09/02/2024,81,0
QQ0KL6T24I,Medicare,Denied,105,08/31/2024,31,1
H6ZVEQWYZW,Self-Pay,Denied,375,09/16/2024,24,1
LLJ4PW1V8J,Medicare,Denied,381,06/24/2024,26,1
7EHCM0SDGU,Medicaid,Denied,389,08/26/2024,30,1
DX78LUNF87,Self-Pay,Under Review,492,06/30/2024,61,0
F4PY3EBPLS,Self-Pay,Under Review,247,06/15/2024,65,0
EYZXJO99RP,Medicare,Paid,116,08/18/2024,20,1
03YCRLVYCF,Commercial,Denied,285,05/25/2024,45,1
G7FB0U1BD4,Medicaid,Paid,119,06/20/2024,9,1
TD8T6GREWT,Self-Pay,Paid,285,05/08/2024,26,1
5Q3Y5PYY46,Self-Pay,Under Review,453,05/13/2024,89,0
9S5QARLS2V,Medicare,Under Review,499,09/12/2024,79,0
JEBQKNOYID,Medicare,Paid,184,07/11/2024,16,1
2Y0VVPVIMZ,Commercial,Under Review,142,07/07/2024,81,0
MQAS4JKSHX,Medicaid,Under Review,472,05/29/2024,71,0
ZOB7UB1PR9,Commercial,Under Review,380,09/17/2024,85,0
3JFJQ88OY1,Commercial,Paid,380,08/27/2024,26,1
99ZMC11M60,Commercial,Under Review,163,06/22/2024,64,0
AAT5XZDTJW,Commercial,Under Review,316,07/12/2024,72,0
3Q307029M3,Commercial,Under Review,400,05/20/2024,88,0
ZCWD5JEPEH,Commercial,Denied,410,09/11/2024,40,1
TSRUJ5JF68,Self-Pay,Paid,432,06/06/2024,21,1
8XK4VQ1I4J,Medicaid,Paid,350,07/09/2024,18,1
JDU9ZL5YE2,Self-Pay,Paid,266,05/24/2024,24,1
CBB7A5N0FQ,Self-Pay,Under Review,286,05/25/2024,69,0
PFDS57UU33,Medicare,Paid,131,05/04/2024,16,1
8YYM83RH9Y,Commercial,Under Review,101,07/27/2024,89,0
IS2Q9232TB,Medicaid,Paid,449,06/21/2024,20,1
2DJN1MSV2X,Medicaid,Paid,492,05/09/2024,25,1
21J06GW5M0,Medicare,Under Review,275,07/31/2024,75,0
FLKDNITK1C,Commercial,Under Review,330,05/10/2024,71,0
CG2WFA54Q0,Medicaid,Under Review,117,09/10/2024,76,0
IXC1HAAKNF,Medicare,Denied,196,07/30/2024,36,1
PU8KUGCRHP,Medicaid,Under Review,307,05/03/2024,71,0
9ZEX92BXCP,Self-Pay,Under Review,166,06/16/2024,67,0
C7O7E2BT7E,Medicaid,Paid,496,07/19/2024,26,1
9SWG5H3QW9,Medicaid,Paid,232,05/09/2024,9,1
KR2U0NMU00,Commercial,Denied,307,07/01/2024,23,1
0MBZW073GU,Medicaid,Under Review,151,09/07/2024,89,0
7H1OW65LTP,Medicaid,Paid,377,08/26/2024,24,1
1YI0CBHCC5,Self-Pay,Denied,195,06/06/2024,43,1
S0JYIMQIN5,Medicaid,Denied,445,07/07/2024,32,1
W64LMPWOKH,Medicaid,Denied,283,05/20/2024,45,1
6C19YE4II2,Commercial,Denied,259,07/14/2024,44,1
PXRDXUQLR6,Self-Pay,Under Review,100,07/10/2024,81,0
SP6RHRWTIU,Commercial,Paid,254,06/04/2024,17,1
XFEHKBPSXT,Commercial,Paid,356,05/23/2024,8,1
DH8YOGGD5Z,Medicare,Paid,360,07/25/2024,20,1
323X466L0H,Commercial,Paid,417,06/27/2024,28,1
OG3UU8P74N,Medicaid,Paid,273,05/28/2024,20,1
FNHY34OPXC,Self-Pay,Denied,275,06/26/2024,28,1
EHNT0RI9PA,Medicare,Under Review,241,05/29/2024,84,0
DRGKQNK954,Medicare,Denied,103,05/19/2024,38,1
L3X436BQ81,Medicare,Denied,155,08/04/2024,49,1
X3KCXIZP92,Commercial,Paid,246,06/16/2024,28,1
418K56U6HI,Medicare,Under Review,158,08/29/2024,65,0
21BXPWDAX1,Medicare,Denied,132,09/01/2024,48,1
YKLXY8LT34,Medicare,Paid,316,06/11/2024,7,1
JTPTG3QK9K,Commercial,Paid,187,09/19/2024,5,1
SYID4GGTNL,Self-Pay,Under Review,384,06/19/2024,66,0
XDRQFE9S7A,Self-Pay,Paid,366,06/15/2024,23,1
V5FAM54GJ0,Commercial,Paid,231,06/18/2024,15,1
GZ6JDKF2N9,Commercial,Under Review,135,09/02/2024,75,0
I3JZVOM5KP,Self-Pay,Paid,299,07/26/2024,16,1
CLT90VMN8P,Medicare,Paid,316,09/09/2024,7,1
D1XQ90B7DT,Self-Pay,Denied,147,08/10/2024,29,1
67DSRVOOK1,Commercial,Under Review,149,08/31/2024,61,0
3K5D8SBI2R,Medicaid,Paid,249,09/09/2024,12,1
T6XLU2KNIU,Medicare,Denied,442,09/18/2024,36,1
K9H137B6E7,Self-Pay,Under Review,294,05/13/2024,63,0
BUFUPQ243Y,Commercial,Paid,408,05/02/2024,16,1
3KT2BBMZSW,Medicaid,Under Review,386,05/23/2024,82,0
CZNVC6FGMJ,Medicare,Denied,163,05/16/2024,47,1
726DJMTT0D,Medicare,Under Review,186,06/04/2024,72,0
YC2I7G9H9T,Commercial,Paid,182,06/24/2024,6,1
RKM4P1IARK,Self-Pay,Paid,356,06/14/2024,23,1
O5Z5W0ZO3S,Commercial,Paid,494,07/16/2024,22,1
XPJ2UB2Y68,Self-Pay,Paid,185,08/23/2024,7,1
AUNCU3I1PP,Medicare,Denied,369,07/28/2024,49,1
NLGZ7UC9BJ,Self-Pay,Under Review,322,07/14/2024,84,0
D197HVAPRY,Medicaid,Under Review,480,05/08/2024,68,0
NPM4DTYPZB,Commercial,Under Review,462,06/02/2024,60,0
26UZK6TQQ2,Medicaid,Under Review,494,07/12/2024,70,0
BLL93M44BW,Self-Pay,Paid,207,08/28/2024,23,1
4WZHR5U46F,Self-Pay,Denied,433,08/12/2024,32,1
CABVAMQJMG,Self-Pay,Under Review,412,06/27/2024,89,0
HPYV0IGQ6H,Medicare,Paid,435,08/04/2024,8,1
B8LBI001RL,Commercial,Under Review,471,05/20/2024,85,0
YL6OWAB28W,Medicaid,Denied,197,08/31/2024,53,1
KLSLGX0W6H,Medicaid,Under Review,429,08/06/2024,77,0
Q1WTI6ESSG,Medicaid,Under Review,471,06/25/2024,82,0
K4ZTJT03JV,Self-Pay,Under Review,378,08/13/2024,65,0
P7QVG9MP32,Medicare,Denied,443,09/17/2024,30,1
8TPPVEO7NV,Commercial,Paid,493,08/24/2024,29,1
HKW15TCKMN,Self-Pay,Under Review,266,06/15/2024,70,0
HQYRI270HY,Medicare,Under Review,368,06/04/2024,74,0
VQVSCHTWGQ,Self-Pay,Under Review,475,07/28/2024,81,0
B77GBW32KV,Self-Pay,Paid,327,06/16/2024,14,1
4X89TZ6SBD,Self-Pay,Paid,444,08/30/2024,9,1
FKTZG0CNQO,Commercial,Paid,326,08/16/2024,13,1
Y1WH3V1TPF,Commercial,Denied,207,07/03/2024,15,1
7L4J9HMQXQ,Commercial,Paid,396,08/31/2024,7,1
QID1IWIUBX,Medicare,Paid,119,05/03/2024,21,1
8U442JG6ZZ,Medicaid,Paid,482,06/24/2024,7,1
U79659CUA1,Medicaid,Under Review,355,07/21/2024,69,0
OVL10LO2Q7,Medicaid,Paid,116,09/08/2024,8,1
V4UC8NOS7Y,Medicaid,Under Review,391,08/11/2024,77,0
6O9HDAP1PX,Medicaid,Under Review,459,06/26/2024,72,0
8J08C4J2BK,Self-Pay,Under Review,452,07/20/2024,62,0
K3SDSZZS3G,Medicaid,Under Review,470,07/06/2024,89,0
4Q7CUR00E1,Medicaid,Denied,123,09/06/2024,15,1
UMMFYEKL2L,Medicare,Paid,307,08/22/2024,9,1
IJTA1OJ7O1,Medicare,Denied,264,06/14/2024,23,1
WSAXXHQ1T1,Commercial,Under Review,307,09/02/2024,73,0
X3SK7L93LM,Medicaid,Denied,154,08/23/2024,38,1
5MMRWAIYXD,Medicaid,Paid,400,05/28/2024,17,1
0H5LUZFBBR,Self-Pay,Paid,118,09/16/2024,27,1
1U5NR0N4CU,Self-Pay,Paid,164,05/18/2024,29,1
4ACZWJ3F5F,Self-Pay,Denied,256,07/07/2024,51,1
D83NCPMVTK,Medicare,Paid,224,06/10/2024,13,1
E9IEIYB8WZ,Medicaid,Paid,371,06/18/2024,21,1
06NQMSR38I,Medicaid,Paid,120,06/01/2024,21,1
626B66H97K,Medicare,Under Review,184,06/25/2024,80,0
129JSAM402,Medicare,Paid,405,08/08/2024,20,1
Y7PLNK4HHX,Medicaid,Paid,291,05/07/2024,29,1
KE1122CFDF,Medicaid,Under Review,362,09/14/2024,86,0
OYAQX3178P,Medicare,Denied,104,07/17/2024,39,1
XY6SDTZAKM,Medicare,Under Review,191,07/14/2024,62,0
RJC3BBE1LD,Commercial,Denied,274,09/03/2024,18,1
S1SUBLMW4D,Medicaid,Denied,151,09/16/2024,22,1
CWIC0X7EWK,Medicare,Denied,174,08/26/2024,34,1
V6H96YJ3Q0,Medicare,Under Review,105,09/03/2024,77,0
VBOYRGBA6I,Self-Pay,Under Review,307,05/21/2024,69,0
U9S6X8CQUH,Self-Pay,Under Review,105,08/10/2024,84,0
CXV519RIB1,Medicare,Paid,493,06/22/2024,13,1
VHWO37T8KV,Self-Pay,Denied,394,05/03/2024,48,1
KCQ31K04ES,Medicaid,Paid,298,09/05/2024,18,1
JRQFDUNNZA,Self-Pay,Denied,456,06/17/2024,55,1
ICXJAGX280,Medicaid,Denied,424,06/20/2024,17,1
B800KVQCRH,Self-Pay,Paid,205,07/04/2024,19,1
0U0LB6NVA3,Self-Pay,Under Review,197,08/25/2024,73,0
GZ7AQBA9ML,Medicare,Denied,121,05/02/2024,19,1
1CSA07OIM7,Self-Pay,Denied,446,09/20/2024,37,1
LC166BD465,Commercial,Denied,165,06/27/2024,23,1
R85CVH3EJD,Self-Pay,Denied,363,08/21/2024,49,1
HID85OO7VR,Medicaid,Denied,237,06/14/2024,34,1
HWMP3FP29R,Medicaid,Under Review,357,05/21/2024,88,0
BD6JMPH1IZ,Medicare,Denied,312,07/12/2024,49,1
0RTE3LY6B3,Commercial,Under Review,193,09/13/2024,62,0
WP1RN1V310,Medicare,Under Review,438,05/08/2024,62,0
YNO4WMLIIG,Commercial,Under Review,212,06/24/2024,68,0
O5AUGSKC9P,Commercial,Paid,314,08/19/2024,20,1
HWT8UWJWYZ,Medicare,Paid,407,06/15/2024,29,1
3FYJ0NHSYH,Medicaid,Denied,496,06/27/2024,49,1
Q1RPRTJTB9,Medicaid,Paid,389,06/20/2024,17,1
0UL3SODFH8,Medicare,Denied,416,08/22/2024,27,1
XQCZWVNRZW,Self-Pay,Under Review,253,09/12/2024,67,0
KCBHXUH8WG,Medicare,Denied,457,05/08/2024,23,1
5VQ3M2QHGN,Self-Pay,Paid,197,08/29/2024,18,1
ZJ1B6MZOYC,Medicare,Under Review,344,07/14/2024,63,0
2QAVFOJ9GZ,Medicaid,Under Review,106,07/19/2024,84,0
1Z5BB5IC2P,Self-Pay,Denied,131,09/02/2024,48,1
O38AXSYK7I,Medicaid,Paid,211,08/27/2024,15,1
U41UCCEZ58,Medicare,Paid,203,05/06/2024,15,1
6X04TJQP95,Medicare,Under Review,233,08/14/2024,87,0
BYNOC8UUQ5,Commercial,Paid,409,09/02/2024,19,1
7B86UJ5JVR,Medicare,Denied,465,08/27/2024,43,1
ST9Z0RW8XR,Self-Pay,Under Review,195,05/18/2024,72,0
WU3OXBPL3T,Medicaid,Under Review,406,07/11/2024,73,0
THX7WD0F0Q,Medicaid,Under Review,237,09/08/2024,79,0
8NWLLQTWC2,Medicare,Denied,388,08/02/2024,48,1
UI07XS1H4P,Commercial,Paid,260,06/30/2024,10,1
SKPGISFMVY,Commercial,Denied,354,08/09/2024,56,1
W80BHWJM6Q,Self-Pay,Denied,292,05/13/2024,23,1
0E609C7NUT,Self-Pay,Denied,144,07/22/2024,29,1
QG9PR5YY70,Medicaid,Under Review,132,05/19/2024,70,0
ZA2FGXUJDG,Self-Pay,Under Review,269,06/20/2024,89,0
UZ78L25UAC,Commercial,Denied,438,05/07/2024,19,1
4KJFCKZUKK,Medicaid,Denied,432,08/23/2024,25,1
TIFDOZU5ML,Self-Pay,Paid,436,06/11/2024,6,1
YXUOO51AIG,Medicaid,Denied,344,06/06/2024,38,1
HWKX647PXI,Self-Pay,Paid,221,08/06/2024,9,1
D9VMOS4S9C,Medicaid,Under Review,206,06/19/2024,64,0
TBOCLH2G8Z,Self-Pay,Paid,455,09/04/2024,23,1
XCUD7INM1T,Medicare,Paid,216,08/21/2024,12,1
IC6SLI7AGC,Medicaid,Paid,377,05/08/2024,20,1
U6MLFNT6IC,Medicare,Paid,441,07/28/2024,17,1
0DMY7OM9V3,Commercial,Paid,212,05/18/2024,5,1
AN3SO8970O,Commercial,Paid,309,05/06/2024,26,1
6K77QKWDYO,Medicaid,Denied,250,06/29/2024,27,1
438A5MOVD0,Medicaid,Paid,223,06/17/2024,21,1
RIO2R8CTGB,Self-Pay,Denied,325,06/09/2024,19,1
51S0ZA96B2,Self-Pay,Paid,294,05/17/2024,29,1
SGA3V0TOHF,Commercial,Denied,127,08/16/2024,31,1
WJIDX3L5B4,Medicaid,Paid,273,06/29/2024,8,1
CWBNQIUSYS,Medicaid,Denied,274,08/15/2024,59,1
209QEFMF73,Medicaid,Under Review,177,06/25/2024,78,0
AMJMCUDZD1,Medicare,Under Review,140,06/26/2024,68,0
A7BIM4W5OI,Commercial,Denied,116,05/29/2024,17,1
HSQW0L8I57,Medicaid,Paid,202,05/17/2024,26,1
8KCF2ZNTUS,Self-Pay,Under Review,340,08/15/2024,68,0
PEOSIEND10,Medicaid,Paid,480,05/24/2024,14,1
CM865TC1UN,Self-Pay,Paid,112,08/01/2024,23,1
95M4I7X5BL,Medicaid,Under Review,377,05/10/2024,73,0
PQPH877IZ8,Medicaid,Under Review,373,06/02/2024,78,0
0X4AHUXC98,Self-Pay,Paid,263,09/06/2024,17,1
F6ZV01PIF5,Self-Pay,Paid,462,09/10/2024,17,1
BBTT5H8V6N,Commercial,Denied,238,05/05/2024,38,1
ERWFNE7M6D,Medicaid,Denied,249,07/18/2024,33,1
ECVNVDR51B,Medicare,Under Review,105,05/11/2024,60,0
DE31P3T4TS,Medicaid,Denied,297,07/06/2024,54,1
5UCYD1UOW7,Self-Pay,Under Review,152,07/19/2024,63,0
1ORERG2ELZ,Medicaid,Paid,146,06/11/2024,5,1
YEP9X5FSQX,Commercial,Under Review,357,06/09/2024,67,0
G4QL22O78X,Self-Pay,Paid,211,06/15/2024,17,1
ZLZABUP42S,Self-Pay,Denied,368,05/11/2024,57,1
76WE09L0YW,Self-Pay,Denied,341,06/11/2024,59,1
QOC4NVWPEP,Medicaid,Paid,388,09/08/2024,29,1
1DIBSAA0GS,Commercial,Denied,387,09/17/2024,56,1
BBALKOLK23,Commercial,Paid,363,06/21/2024,5,1
OQBPO0JDHO,Medicare,Under Review,112,07/31/2024,79,0
JVCZ61N2FM,Commercial,Under Review,337,05/14/2024,63,0
DOFIAEWQW7,Medicare,Under Review,303,09/07/2024,87,0
92DA4ZTOLN,Medicare,Denied,351,07/24/2024,19,1
K5BCGKRQY3,Commercial,Denied,378,07/30/2024,57,1
J9H7OYFB45,Medicare,Denied,459,06/01/2024,59,1
TS5ZMDJSKZ,Commercial,Denied,245,08/26/2024,45,1
J4GB5VWXUS,Medicare,Under Review,211,06/17/2024,79,0
Q1Q19NHYZM,Medicare,Paid,212,09/12/2024,20,1
8TI9Y6QQ53,Medicaid,Denied,361,06/15/2024,24,1
VJGM6MW2DZ,Medicaid,Denied,374,05/24/2024,46,1
BVJOITR4RV,Medicaid,Denied,122,08/21/2024,57,1
XAIGCLSI4Y,Medicare,Paid,255,06/07/2024,9,1
4WXTPMT08D,Commercial,Under Review,158,09/15/2024,87,0
HIVFU4GCLB,Self-Pay,Paid,191,06/07/2024,7,1
OVKO1LGUEC,Commercial,Under Review,167,05/03/2024,73,0
BVSZ1EPKDF,Medicare,Denied,189,06/27/2024,50,1
QUZRFHJAR8,Medicaid,Paid,496,09/10/2024,29,1
4ZJ4EJQJOO,Self-Pay,Under Review,304,08/01/2024,88,0
CYAWZMLXG0,Medicare,Under Review,363,08/02/2024,81,0
4E8URPGWI5,Medicare,Denied,493,06/06/2024,43,1
KV3RKW36MO,Medicare,Under Review,160,07/20/2024,89,0
9O9WTSEDCL,Medicare,Under Review,174,08/10/2024,82,0
VB81LMR8RI,Medicare,Paid,471,06/29/2024,19,1
T4VER0HQM2,Self-Pay,Under Review,334,07/02/2024,89,0
USEVOLJC9K,Self-Pay,Denied,186,05/30/2024,27,1
RJTSXSP5SM,Medicare,Denied,282,06/17/2024,41,1
CUISTNNGBE,Self-Pay,Paid,390,09/12/2024,26,1
E15S838EWA,Commercial,Under Review,229,05/28/2024,65,0
ALIEYHSV55,Commercial,Denied,434,06/17/2024,54,1
85SHCLS6RB,Self-Pay,Denied,156,07/11/2024,45,1
U9ZAZ1KETI,Self-Pay,Under Review,183,08/11/2024,69,0
QSS9KEPT7B,Self-Pay,Denied,379,05/17/2024,38,1
FL9M8Z4Y1J,Commercial,Under Review,160,05/29/2024,85,0
PPK3L0R3LR,Medicare,Paid,403,05/14/2024,14,1
ZM8800YXGY,Commercial,Denied,208,08/01/2024,20,1
IZ8BSYN5X4,Commercial,Under Review,427,07/17/2024,64,0
ZQ640SEO54,Commercial,Under Review,394,07/28/2024,60,0
08KG46TN02,Commercial,Under Review,123,07/17/2024,72,0
ID5AXGTIDE,Medicaid,Paid,266,07/18/2024,28,1
9CMUHWOMYF,Self-Pay,Denied,390,06/02/2024,55,1
UXMMRZVZP3,Self-Pay,Paid,365,08/16/2024,12,1
8NMD6CEZMD,Commercial,Under Review,467,06/20/2024,72,0
ERY1K3Z0TB,Medicaid,Paid,163,09/08/2024,12,1
86G1S78UG4,Self-Pay,Under Review,308,08/08/2024,80,0
YU8SILORSU,Self-Pay,Denied,276,09/12/2024,44,1
9IFDDQ36FW,Medicaid,Denied,153,08/30/2024,51,1
CTJK42TUZ8,Medicaid,Denied,223,09/09/2024,43,1
7RDGLF6OU7,Commercial,Paid,493,08/05/2024,26,1
W1RENLXMZ4,Medicaid,Denied,234,09/05/2024,18,1
FOM6YO0M18,Medicaid,Denied,106,07/20/2024,34,1
S53ODNTT47,Self-Pay,Denied,394,06/29/2024,46,1
ZPUWYEDYOH,Commercial,Paid,499,09/03/2024,25,1
QH5JXBO2LU,Self-Pay,Paid,167,08/03/2024,24,1
6O1LURCE9Z,Self-Pay,Paid,365,06/02/2024,17,1
RB61VAQ523,Commercial,Under Review,102,08/12/2024,79,0
WL60FKOVWH,Commercial,Denied,261,07/28/2024,26,1
AP28NM4VQO,Medicaid,Under Review,273,05/10/2024,80,0
F0Y42MDKM6,Medicare,Under Review,253,08/10/2024,85,0
57J87V07ZO,Medicaid,Denied,130,08/20/2024,24,1
8RA02PAZ3K,Commercial,Paid,258,06/18/2024,22,1
K8KCHTWFUS,Commercial,Denied,293,06/04/2024,36,1
FYVZLKU5TI,Medicare,Denied,410,05/23/2024,40,1
0EICDLNZHG,Self-Pay,Under Review,208,05/30/2024,75,0
CYYSJWFT1W,Medicaid,Paid,493,07/22/2024,29,1
YCS97XY0NS,Commercial,Under Review,475,05/21/2024,77,0
6MHAEM4P58,Commercial,Under Review,144,09/19/2024,67,0
3BFEIAJ2YC,Self-Pay,Paid,460,06/20/2024,28,1
5IKJGLKO4P,Medicare,Under Review,194,08/29/2024,68,0
440AG9C99B,Self-Pay,Denied,365,05/10/2024,26,1
MGOUBYCPFB,Medicare,Paid,221,09/12/2024,9,1
DZHPKOJON3,Self-Pay,Denied,200,05/31/2024,43,1
B07E0WBIBB,Commercial,Under Review,268,09/02/2024,65,0
HCNJAJGT4Z,Commercial,Denied,407,09/05/2024,47,1
L2BRJBC13T,Self-Pay,Denied,226,08/26/2024,20,1
6LE49QIXCT,Medicaid,Paid,224,05/02/2024,5,1
PUKOSNJ35K,Medicare,Paid,336,09/17/2024,22,1
CNBBUT8T5I,Commercial,Paid,206,09/15/2024,19,1
L797FD0SNP,Medicaid,Denied,315,08/23/2024,37,1
E5PKD04BUK,Self-Pay,Denied,118,07/24/2024,40,1
Z1Z2ZQ5U7U,Commercial,Under Review,241,08/08/2024,83,0
NO6GY7VPNW,Medicare,Under Review,411,07/11/2024,68,0
OYBVBAKDX5,Medicare,Paid,493,08/11/2024,26,1
EPKY9B3VTO,Medicare,Denied,398,05/16/2024,18,1
86F69M8L9E,Commercial,Denied,435,09/09/2024,31,1
3K0AR4BPGW,Medicare,Under Review,254,08/04/2024,87,0
R9SM4IHK8Q,Self-Pay,Paid,481,06/25/2024,6,1
PABV6OLKMQ,Medicaid,Under Review,172,07/10/2024,88,0
4IZXBHQOON,Self-Pay,Paid,358,07/30/2024,7,1
6BJE3LNSJQ,Medicare,Under Review,104,08/31/2024,69,0
BGG466BHSJ,Medicaid,Under Review,256,08/18/2024,77,0
4B1AHMG221,Commercial,Under Review,434,07/23/2024,85,0
UMVJDSVJR8,Commercial,Denied,187,05/09/2024,25,1
TDOMP7GJ2J,Medicaid,Under Review,294,06/11/2024,67,0
YLF0TRZ099,Medicare,Paid,415,07/21/2024,21,1
EFCJAMQ3AG,Medicaid,Denied,440,06/01/2024,28,1
NFWA7XAG06,Commercial,Under Review,122,06/25/2024,70,0
M9H3WABYHK,Commercial,Under Review,360,07/18/2024,82,0
4VAB8I0DM3,Self-Pay,Under Review,373,07/21/2024,61,0
VQSZIK4R0J,Medicaid,Paid,301,09/05/2024,25,1
5BJDCTPIVV,Medicare,Denied,448,06/28/2024,17,1
0AQ1RKI4OP,Medicaid,Under Review,376,07/11/2024,81,0
P07CCRFHNU,Self-Pay,Under Review,349,05/09/2024,67,0
5028WAS3S1,Self-Pay,Under Review,347,06/02/2024,76,0
BGZ9T7Q7PY,Medicaid,Denied,424,09/17/2024,43,1
EXPGTAOD8T,Self-Pay,Under Review,290,06/29/2024,76,0
HGF6SVZ8XH,Commercial,Paid,283,07/16/2024,23,1
IUZ0VOYKNH,Commercial,Paid,374,05/02/2024,21,1
JEKNLS2R5J,Medicaid,Paid,241,08/11/2024,25,1
SS16360ERW,Commercial,Paid,343,08/08/2024,18,1
2M24IKVGJJ,Medicaid,Denied,255,05/12/2024,33,1
VY8HSZ3J87,Commercial,Paid,389,07/21/2024,18,1
1BDJ66Q452,Commercial,Denied,487,06/23/2024,17,1
QU9DY8FFQL,Medicare,Denied,224,07/04/2024,15,1
XYWYHSG74M,Commercial,Denied,249,08/28/2024,52,1
B1G7R21MY5,Self-Pay,Paid,407,06/08/2024,17,1
L6XHKZMRHX,Self-Pay,Under Review,124,06/08/2024,67,0
585SJ9K52L,Medicare,Denied,130,05/08/2024,49,1
TBB3T8EH51,Medicare,Under Review,387,05/28/2024,67,0
IV5DPIAVYI,Commercial,Paid,254,08/03/2024,12,1
TWUIVJOJPP,Medicaid,Paid,432,08/25/2024,6,1
KM8H5QNMZF,Self-Pay,Denied,473,05/17/2024,32,1
HJES7YGQ7B,Medicaid,Denied,183,07/10/2024,29,1
V6SVI279AR,Commercial,Paid,372,08/03/2024,6,1
GOGVQ1FIU9,Self-Pay,Paid,184,06/04/2024,26,1
H8VCBURZWO,Self-Pay,Denied,271,05/29/2024,41,1
K95BNWSARB,Self-Pay,Denied,270,06/18/2024,22,1
1PS63SZRP0,Medicare,Under Review,117,09/20/2024,83,0
CK8YU15KBX,Self-Pay,Paid,422,08/19/2024,16,1
B9S8MF5KB4,Medicaid,Under Review,131,05/30/2024,64,0
G3BUR8IZXD,Self-Pay,Paid,233,08/10/2024,26,1
X6QGCE5S71,Self-Pay,Denied,133,08/28/2024,29,1
EC3CBF0A85,Commercial,Denied,297,07/26/2024,41,1
HRS9X0U3RP,Medicare,Denied,342,06/10/2024,21,1
T30CYF9HYC,Medicaid,Under Review,442,08/10/2024,73,0
68CRU97135,Self-Pay,Paid,400,06/07/2024,20,1
TFPW9XYEUW,Medicaid,Paid,399,08/20/2024,19,1
WWY9YQYOR5,Medicare,Under Review,217,07/20/2024,79,0
HZUOM3LF4T,Medicare,Under Review,463,05/07/2024,74,0
HY0R1T7JO0,Medicare,Under Review,222,08/12/2024,78,0
HDHWAID8ZV,Medicare,Denied,398,07/13/2024,29,1
AI9ZGV3O5W,Commercial,Denied,178,06/01/2024,39,1
A25OXEV0JO,Commercial,Under Review,269,07/09/2024,87,0
6ZCYVNN8OD,Self-Pay,Denied,215,08/20/2024,28,1
RNZRP67BH9,Commercial,Under Review,250,05/02/2024,70,0
09YQMXRO6E,Self-Pay,Denied,366,07/17/2024,31,1
6A59DETALK,Medicaid,Denied,294,06/02/2024,58,1
41NJ11CAZ5,Commercial,Paid,201,09/15/2024,6,1
ERMK3M2VY1,Medicaid,Under Review,311,08/12/2024,89,0
XCEM92G6KD,Medicare,Under Review,323,07/13/2024,81,0
IDINVUDJGV,Medicaid,Under Review,212,07/30/2024,67,0
XVK5C66UU1,Self-Pay,Paid,117,05/04/2024,22,1
2MNJ971AQC,Medicaid,Paid,212,07/22/2024,19,1
LUGLSEXRHH,Self-Pay,Denied,285,07/24/2024,38,1
VSZXB4RKBB,Medicare,Under Review,462,07/29/2024,75,0
4LBC66TAM4,Medicare,Denied,115,05/07/2024,25,1
VW7UAO4ZXG,Medicare,Under Review,302,07/19/2024,76,0
7N4H8QXWN2,Medicare,Paid,278,08/10/2024,10,1
K5QT9NFGOE,Medicaid,Denied,284,05/04/2024,22,1
YKWF983LVJ,Commercial,Under Review,283,07/31/2024,84,0
6VZSRX1QIG,Self-Pay,Paid,148,06/07/2024,19,1
8W8IUAKOHP,Medicare,Under Review,247,08/13/2024,61,0
SZMCXTGOR6,Commercial,Under Review,346,09/11/2024,74,0
T8AJ3PSB0G,Self-Pay,Under Review,473,09/13/2024,77,0
IWX04IUGDO,Medicaid,Under Review,244,08/16/2024,62,0
HWFS54VKEP,Commercial,Denied,286,07/14/2024,46,1
8J9QLTOXN0,Medicare,Paid,392,05/23/2024,8,1
9MT9VUTO0Q,Commercial,Under Review,487,05/23/2024,89,0
QP0LH96DF9,Self-Pay,Under Review,215,05/18/2024,63,0
E3AUEQR4W7,Self-Pay,Denied,411,05/07/2024,47,1
18FCY3QXSL,Self-Pay,Paid,479,05/17/2024,14,1
6H0WRQY9CU,Medicaid,Paid,387,06/14/2024,21,1
1BRFVQUBRX,Medicaid,Paid,359,08/01/2024,24,1
IT63EE5CMJ,Medicaid,Denied,284,05/22/2024,25,1
49ECQLXTDA,Medicare,Denied,113,08/17/2024,36,1
6CE0BBF8CQ,Commercial,Paid,334,07/12/2024,6,1
R7YZ5O4B4N,Medicare,Under Review,161,07/31/2024,77,0
IEJA4FOYOI,Self-Pay,Under Review,144,06/11/2024,69,0
46W89UT7GW,Self-Pay,Paid,307,09/17/2024,6,1
DP10O1MHPI,Medicare,Under Review,285,08/07/2024,63,0
4GYGW44HX0,Self-Pay,Paid,332,05/11/2024,15,1
M5OQVEKK69,Commercial,Denied,167,05/09/2024,30,1
XYLJG8GPJD,Self-Pay,Denied,404,06/16/2024,36,1
5MJVJFSEK0,Medicare,Under Review,336,05/10/2024,61,0
QXY8YO7IPK,Medicaid,Under Review,326,06/05/2024,81,0
I0COEIQ712,Commercial,Under Review,286,07/15/2024,72,0
3N6Q9230T3,Self-Pay,Under Review,280,09/07/2024,80,0
B8G2Z3P19S,Medicaid,Paid,445,05/03/2024,27,1
8J0ZS3KIBR,Self-Pay,Denied,169,06/11/2024,46,1
F6SHBARQ3Z,Medicare,Paid,184,06/28/2024,20,1
QB701VMD0V,Medicaid,Paid,388,07/10/2024,15,1
GNEA2YZX7V,Medicaid,Under Review,476,08/24/2024,69,0
MEI0899HP0,Medicaid,Paid,281,07/13/2024,20,1
HV6YJFPHS1,Commercial,Denied,498,08/19/2024,55,1
I70YO0KX89,Medicaid,Denied,406,06/22/2024,27,1
SVHZ5N5L9U,Medicare,Denied,480,05/23/2024,44,1
KRG7YQLWBN,Medicare,Denied,455,07/31/2024,47,1
6T7T133G7D,Medicare,Under Review,395,09/16/2024,68,0
NBANX0TOE2,Commercial,Under Review,469,06/28/2024,84,0
L3ZDDFMPV3,Medicaid,Paid,363,05/31/2024,7,1
OF1IZ9KE0U,Commercial,Paid,382,08/29/2024,7,1
N83QNF7PKZ,Medicaid,Paid,379,05/19/2024,22,1
2WAHO1CP2T,Medicare,Under Review,329,06/24/2024,87,0
MR1H4QC8D4,Medicare,Denied,416,08/25/2024,53,1
8HMEE9PJR9,Self-Pay,Paid,301,08/23/2024,25,1
FOPP5FC18T,Commercial,Paid,334,05/06/2024,9,1
A1C4LOOH00,Self-Pay,Denied,107,08/22/2024,48,1
VXI14OAQE1,Self-Pay,Paid,204,07/02/2024,14,1
J5IMF7CN9K,Commercial,Denied,271,05/03/2024,58,1
ZXOBOP6L8H,Medicare,Paid,389,07/29/2024,25,1
PKT90UJDIT,Medicaid,Denied,441,09/18/2024,25,1
OE9GPP394G,Commercial,Under Review,207,08/28/2024,71,0
FL0J8P6V5C,Commercial,Under Review,377,08/13/2024,78,0
AJSWRURY2W,Commercial,Denied,131,08/22/2024,23,1
QCXU5JFFML,Medicare,Denied,220,07/25/2024,20,1
QNXVUM7OEE,Commercial,Paid,149,06/12/2024,18,1
ZCUAMKSOSG,Self-Pay,Under Review,315,06/21/2024,80,0
I1XQI0NTHV,Self-Pay,Denied,288,08/22/2024,45,1
8TKKLCD9PR,Medicare,Denied,484,06/21/2024,46,1
JFAY9QX80C,Medicaid,Under Review,267,05/23/2024,89,0
ZMB1OUAPE0,Commercial,Paid,422,06/11/2024,13,1
11SI0FEVCZ,Medicaid,Under Review,465,07/07/2024,66,0
QG3I81VTP5,Self-Pay,Paid,280,07/12/2024,19,1
HPYXYHXRFU,Medicaid,Under Review,203,05/05/2024,71,0
ZK4P8IKEQM,Self-Pay,Denied,367,05/27/2024,34,1
OEZKXF81QT,Medicare,Denied,249,07/02/2024,21,1
ELQ4SHKJQC,Commercial,Paid,302,09/08/2024,28,1
KJS4VEGGPM,Self-Pay,Denied,153,05/09/2024,34,1
WR6QACIBSK,Commercial,Paid,252,05/01/2024,20,1
7BA4A8IB5H,Self-Pay,Under Review,377,09/15/2024,89,0
T7QQCP7VMS,Commercial,Paid,266,06/02/2024,8,1
U9NZEK3R0Q,Commercial,Paid,302,09/02/2024,5,1
73DDTKF6VI,Medicare,Paid,279,08/22/2024,12,1
DCV0WW72UZ,Medicare,Paid,285,05/16/2024,21,1
4T8C7S6CGX,Commercial,Under Review,494,08/20/2024,67,0
ZZ05GR98P1,Medicare,Under Review,340,06/05/2024,73,0
76O0SZ2HSH,Medicaid,Paid,319,09/05/2024,19,1
D9R8OPQ6PN,Self-Pay,Paid,159,07/07/2024,19,1
6EIFSH68A3,Self-Pay,Denied,274,07/30/2024,32,1
438ZIIBPK0,Medicare,Paid,342,08/17/2024,26,1
ZKM055X47Q,Medicaid,Under Review,190,05/16/2024,81,0
6YM52JTHQL,Medicaid,Paid,263,07/15/2024,27,1
8W8VWVFB7L,Medicaid,Paid,226,06/26/2024,18,1
HWYCF5V8TB,Medicare,Under Review,110,06/19/2024,84,0
CHFEAB3MQG,Medicaid,Denied,389,08/27/2024,59,1
PU7B1FLNO6,Medicaid,Denied,316,07/22/2024,33,1
7B8G40OLQC,Medicare,Denied,470,08/05/2024,50,1
F0CZOICDGE,Self-Pay,Paid,352,06/02/2024,28,1
HC9LR7VEQS,Medicaid,Paid,457,07/08/2024,23,1
ZA95UNMKU8,Medicare,Denied,405,06/13/2024,43,1
1UEWHL36HO,Medicaid,Paid,113,05/13/2024,7,1
LCVZWOO7BH,Self-Pay,Paid,175,06/07/2024,19,1
IS9CL0VECF,Self-Pay,Paid,500,07/24/2024,27,1
QKVJQIBYYJ,Self-Pay,Denied,405,09/11/2024,20,1
IT4QQO03MM,Medicaid,Paid,490,08/09/2024,15,1
KXUVZ3TFFN,Self-Pay,Paid,453,06/08/2024,19,1
IJL34MZGWZ,Medicare,Under Review,362,08/24/2024,74,0
EJTBV2EDZJ,Commercial,Denied,456,09/18/2024,51,1
55LMBJCO73,Commercial,Under Review,392,05/02/2024,82,0
9RDYPMJSSS,Self-Pay,Under Review,394,07/04/2024,83,0
TAW8G9M0FI,Medicare,Paid,184,05/11/2024,23,1
0AVY290QRF,Medicaid,Denied,233,08/29/2024,42,1
VLSMLSXDZJ,Commercial,Under Review,146,07/26/2024,81,0
OG7KBY5XJ0,Medicaid,Denied,442,05/09/2024,49,1
P20LE9NSLT,Self-Pay,Paid,422,06/14/2024,9,1
XIP1J1DOJA,Commercial,Under Review,470,05/11/2024,88,0
4E3WRFQ5PL,Self-Pay,Under Review,276,07/21/2024,60,0
0DOKC7VU2Z,Medicare,Denied,272,05/04/2024,21,1
AOJYLP8SSR,Commercial,Under Review,231,07/10/2024,62,0
U2GTDS81TL,Self-Pay,Denied,132,09/16/2024,44,1
R1XPM19MUP,Commercial,Denied,155,05/22/2024,35,1
NHZOO9HJH4,Medicare,Under Review,189,09/20/2024,82,0
9DIU004YOL,Commercial,Under Review,372,09/20/2024,88,0
5A82KGOBPF,Commercial,Under Review,319,07/16/2024,89,0
0564VO4IWL,Self-Pay,Denied,251,08/05/2024,51,1
3KP5OZ65GC,Medicaid,Paid,318,09/19/2024,24,1
LOB7KVTJ35,Medicaid,Paid,484,05/30/2024,29,1
Q7M8419SA8,Medicare,Under Review,218,08/12/2024,84,0
NM01V5LU6J,Medicaid,Denied,340,05/11/2024,34,1
ICOL1ONOMG,Commercial,Paid,387,07/01/2024,7,1
W6SCZBTG0Q,Medicare,Denied,231,06/17/2024,46,1
ZRTBHH9DT9,Medicaid,Denied,334,06/18/2024,55,1
297BH25GH1,Medicare,Paid,215,07/03/2024,22,1
FX1FD4V4IK,Medicare,Denied,140,08/05/2024,48,1
BUJ5W7AU7Y,Self-Pay,Under Review,332,07/06/2024,67,0
N78AM81PG7,Medicaid,Denied,383,08/20/2024,16,1
L9R69U9UWN,Medicare,Paid,289,09/12/2024,26,1
X4GU1GZSFR,Medicaid,Paid,177,09/08/2024,6,1
QNZ7GJQNXI,Commercial,Denied,243,09/14/2024,50,1
348CB2K06X,Medicaid,Denied,280,06/27/2024,20,1
M5V1Q8VAFN,Commercial,Paid,196,06/20/2024,12,1
VGZCXGA88E,Medicare,Paid,126,07/04/2024,21,1
RAR75ZUNFZ,Medicaid,Under Review,154,08/08/2024,62,0
Q9FUEPK824,Medicaid,Under Review,111,06/14/2024,69,0
KGZKX8JZID,Self-Pay,Paid,350,09/14/2024,14,1
EUEQ7L2NXY,Medicaid,Under Review,232,07/30/2024,70,0
2LHJGCXOEB,Self-Pay,Under Review,476,06/15/2024,84,0
YF4K5XY4T6,Commercial,Denied,337,06/11/2024,35,1
64BXHI5GEZ,Commercial,Paid,368,07/02/2024,24,1
95MSH5JUEO,Commercial,Under Review,325,07/02/2024,73,0
AKGD3IWSN1,Commercial,Denied,397,07/12/2024,49,1
VE9DEDZ4IF,Self-Pay,Under Review,404,09/16/2024,86,0
WN7S1PINLM,Self-Pay,Denied,370,05/15/2024,22,1
6SIY46K0JM,Medicare,Denied,181,05/02/2024,50,1
0B0TP89BQF,Commercial,Paid,307,05/30/2024,29,1
VVROAPZFFA,Medicare,Paid,150,06/23/2024,5,1
Q9J55DIMLR,Medicare,Paid,128,07/07/2024,25,1
531HVTDM18,Medicaid,Under Review,178,05/14/2024,68,0
VGRS6DLO92,Self-Pay,Paid,143,09/07/2024,25,1
