day,susceptible_pool,exposed_pool,active_infections,projected_daily_claims,projected_daily_payout_shock
1,99990,10,0,0,0.0
2,99989,8,1,0,107.49
3,99987,9,3,0,93.76
4,99983,10,4,0,96.11
5,99978,13,6,0,110.65
6,99971,17,9,0,136.14
7,99962,22,11,0,173.11
8,99951,28,15,0,223.49
9,99935,37,20,0,290.47
10,99915,48,26,0,378.64
11,99889,63,34,0,494.18
12,99855,83,45,1,645.28
13,99810,108,59,1,842.68
14,99751,142,77,2,1100.45
15,99675,185,101,2,1436.85
16,99575,242,132,3,1875.68
17,99445,316,173,4,2447.78
18,99276,412,226,6,3193.06
19,99055,537,295,8,4163.03
20,98768,700,385,10,5423.84
21,98395,912,502,14,7060.05
22,97910,1186,655,18,9178.92
23,97283,1540,853,23,11915.21
24,96473,1996,1109,30,15436.1
25,95430,2579,1440,39,19945.24
26,94094,3323,1867,51,25684.62
27,92392,4264,2413,65,32931.64
28,90240,5441,3111,83,41987.41
29,87547,6895,3993,105,53150.83
30,84215,8663,5100,132,66671.42
31,80156,10769,6473,164,82673.95
32,75304,13208,8151,201,101051.58
33,69635,15941,10165,241,121333.83
34,63196,18872,12532,284,142553.98
35,56117,21844,15242,325,163165.46
36,48623,24645,18248,360,181076.79
37,41017,27031,21467,386,193870.3
38,33643,28765,24775,396,199218.82
39,26828,29673,28020,389,195419.57
40,20824,29677,31040,362,181870.07
41,15774,28814,33684,317,159290.7
42,11705,27222,35836,258,129589.56
43,8548,25097,37421,190,95424.29
44,6173,22652,38411,118,59639.53
45,4432,20084,38822,49,24775.78
46,3178,17545,38702,0,0.0
47,2285,15143,38119,0,0.0
48,1655,12945,37149,0,0.0
49,1210,10981,35874,0,0.0
50,895,9259,34368,0,0.0
51,671,7769,32699,0,0.0
52,511,6495,30925,0,0.0
53,395,5413,29096,0,0.0
54,310,4501,27252,0,0.0
55,247,3735,25425,0,0.0
56,200,3095,23638,0,0.0
57,165,2562,21911,0,0.0
58,137,2118,20256,0,0.0
59,116,1751,18683,0,0.0
60,100,1446,17196,0,0.0
61,86,1193,15798,0,0.0
62,76,985,14491,0,0.0
63,67,813,13273,0,0.0
64,60,670,12141,0,0.0
65,55,553,11093,0,0.0
66,50,456,10126,0,0.0
67,46,376,9234,0,0.0
68,42,311,8414,0,0.0
69,40,256,7661,0,0.0
70,37,212,6971,0,0.0
71,35,175,6339,0,0.0
72,33,144,5762,0,0.0
73,32,119,5234,0,0.0
74,30,99,4753,0,0.0
75,29,82,4314,0,0.0
76,28,68,3915,0,0.0
77,27,56,3551,0,0.0
78,26,46,3220,0,0.0
79,26,38,2920,0,0.0
80,25,32,2646,0,0.0
81,25,26,2398,0,0.0
82,24,22,2173,0,0.0
83,24,18,1968,0,0.0
84,23,15,1783,0,0.0
85,23,13,1614,0,0.0
86,23,11,1462,0,0.0
87,22,9,1323,0,0.0
88,22,7,1198,0,0.0
89,22,6,1084,0,0.0
90,22,5,982,0,0.0
91,21,4,888,0,0.0
92,21,3,804,0,0.0
93,21,3,727,0,0.0
94,21,2,658,0,0.0
95,21,2,596,0,0.0
96,21,2,539,0,0.0
97,21,1,487,0,0.0
98,21,1,441,0,0.0
99,21,1,399,0,0.0
100,21,1,361,0,0.0
101,20,0,326,0,0.0
102,20,0,295,0,0.0
103,20,0,267,0,0.0
104,20,0,241,0,0.0
105,20,0,218,0,0.0
106,20,0,197,0,0.0
107,20,0,179,0,0.0
108,20,0,161,0,0.0
109,20,0,146,0,0.0
110,20,0,132,0,0.0
111,20,0,119,0,0.0
112,20,0,108,0,0.0
113,20,0,98,0,0.0
114,20,0,88,0,0.0
115,20,0,80,0,0.0
116,20,0,72,0,0.0
117,20,0,65,0,0.0
118,20,0,59,0,0.0
119,20,0,53,0,0.0
120,20,0,48,0,0.0
