trial_id,total_loss
1,2934656.373878637
2,2670712.359222134
3,2413184.717306282
4,2227785.7255230136
5,2572738.5612321696
6,2457786.0122041125
7,2810799.9951727847
8,2641696.6794692883
9,2685218.967090872
10,2197273.6096562
11,2795962.162444357
12,2363437.574226231
13,3216434.432125395
14,1911203.6525475753
15,2783276.7778324666
16,2352505.1928858855
17,2028065.309836093
18,2199214.305137128
19,2141203.9823908685
20,2332531.2566209733
21,2651177.369652758
22,2126640.032833269
23,2335955.556618188
24,3016162.3723243903
25,2962204.551144368
26,2506969.299127558
27,2232110.778848729
28,2413853.321820063
29,2497874.97213833
30,1981791.6431636875
31,2191827.0432721935
32,1927364.6468013776
33,2480008.749977819
34,2457386.496590483
35,2236668.388774492
36,2801299.189510856
37,1958603.8898807943
38,1697683.1636462158
39,2271655.5840899637
40,2753665.3960576192
41,3089150.706026209
42,2195659.2893804954
43,2734735.976519906
44,2295902.02841874
45,2123958.1399351116
46,2589806.1617926974
47,2530766.9786203536
48,1912790.0797581607
49,2954839.5491812057
50,2634495.4987699864
51,2153924.30074613
52,2440989.1149851265
53,2446658.02372125
54,2483074.2032666705
55,2229046.5417900886
56,2179733.6670605806
57,2245051.1136750104
58,2752065.5825781273
59,2567621.8022804214
60,2284968.673379353
61,2574586.2047832524
62,1514183.603445522
63,2640628.090742942
64,1706287.4544317871
65,2277061.2264052704
66,2064576.3559852543
67,1917314.7589031805
68,2878332.5213523502
69,2208982.023234621
70,2395348.396884916
71,2352878.6292760298
72,2637780.966157724
73,2360075.2275139703
74,2026829.883105912
75,2334925.959554788
76,2233095.1118249614
77,1857665.9682676678
78,2165825.639414133
79,2939062.0028918693
80,2398322.6472966075
81,2200216.3563931123
82,2248179.9809299004
83,2336545.2378627528
84,3125733.5829403675
85,2391257.147113308
86,2443545.227355723
87,2811487.3728661407
88,2452601.61653766
89,2200580.6041778466
90,2310720.6544502517
91,2321984.3922830266
92,2401431.859528615
93,2531674.707058769
94,2323657.332134968
95,2567038.4906178457
96,2155712.1112538683
97,2390792.4219882474
98,1747713.744562465
99,2682559.049691043
100,2440472.511708066
101,2541783.624708851
102,1488268.806179122
103,3150836.5605473677
104,2212144.7693264526
105,2743403.241885307
106,2030381.364316242
107,2716344.4659701698
108,2008478.3804583533
109,2147456.1245313426
110,3102444.6863224693
111,2059140.357971228
112,2411621.4778732317
113,2670577.38950721
114,2703908.5242519313
115,2373769.742686377
116,2496361.7622756055
117,3345930.56617432
118,2198761.983017724
119,2503317.8521035947
120,2810346.194359124
121,2836535.0047076778
122,2684328.8301040237
123,2692336.003653524
124,1844890.107804804
125,3047136.7071847487
126,2099275.1234778757
127,2342895.8329345067
128,2038915.5157815095
129,2324790.6808333513
130,2406512.618386537
131,2276458.401728156
132,2497781.0001690667
133,2839884.746978851
134,2545188.7434412576
135,2164987.8256185767
136,2838411.002855694
137,2703119.8200218687
138,1918507.5701361622
139,2629736.0442564804
140,2456139.279562464
141,2251905.7536685783
142,2995663.4272156674
143,2115473.5495890616
144,2397558.3096664706
145,2297943.7695049015
146,2408156.45586076
147,1875010.3066926133
148,1770219.9399902485
149,3023285.3950530007
150,2080955.565832226
151,2031457.411564287
152,1714414.3363602122
153,2064054.541466326
154,1930967.7302584802
155,3022195.5424240967
156,2639872.1964421254
157,2233568.7391035887
158,3333576.3946368066
159,2567108.8426231216
160,2278796.006518693
161,1540121.7405272014
162,3388198.9476642082
163,1972650.3451634669
164,1762907.247935974
165,2814555.2231620755
166,3422785.9263459034
167,2959724.696926064
168,2697236.9122733087
169,2531842.2296313755
170,2574163.2305291113
171,2518893.0516469483
172,2354335.5921117906
173,2364741.8629222997
174,2345436.7925037285
175,2108054.651982905
176,2305872.472372984
177,1814411.467813523
178,2414462.358023774
179,1994771.8237159452
180,2138241.7943722736
181,2454750.4076635516
182,2773506.5032537323
183,2557054.8862202237
184,1879121.7319523112
185,1998209.561362019
186,2761114.789038885
187,2051955.32311593
188,2251099.629997159
189,2446236.5611923095
190,1879667.8076331022
191,2332640.1321303556
192,1969931.2518530288
193,2151112.0630482957
194,2317494.1198925013
195,1852263.372357121
196,2533595.0101911915
197,2241602.242367957
198,2554230.560134746
199,2423687.001481201
200,2724173.1941582947
201,2414084.097207262
202,2233156.123582986
203,2469920.9832257885
204,2628480.960733202
205,2208549.250591856
206,2257931.846960454
207,2142012.5299358587
208,2154559.7371026557
209,1928329.3610490598
210,3350196.3043435025
211,1977406.1065730327
212,2188773.112150401
213,2166776.1889181747
214,2735726.077771125
215,2207473.3024781053
216,2895252.6110163745
217,2045256.6434490893
218,2415651.801670843
219,2022572.6917258226
220,3236173.9742648182
221,2094254.976467108
222,2228781.543080501
223,2634257.1281864736
224,2301511.1104506124
225,2230972.8575087744
226,2378677.28471809
227,2359661.1952985106
228,2178350.1667721025
229,2621643.5691033807
230,3336299.430297629
231,2085406.417467766
232,1916998.3403223099
233,2311588.5315797273
234,3347906.578328953
235,2206152.6306788516
236,3056518.1804172536
237,2707893.854950746
238,2165422.016214114
239,2475483.503253782
240,3071893.1172727337
241,2135281.1438904046
242,2256280.1046206993
243,2180603.3860307443
244,2066884.320895383
245,2009089.7387308169
246,1918106.1541199342
247,2305323.7096628337
248,2025537.2780558278
249,2556564.2875883062
250,1879218.113939887
251,2319098.80259699
252,2730057.3027266255
253,1844460.657505851
254,2560700.5002313326
255,2612001.29569071
256,1912238.4346093424
257,3128339.784451084
258,2416631.7315242984
259,2137550.565257263
260,2382077.461293456
261,2441273.7819975913
262,2356542.691913576
263,2051883.238994855
264,1946487.1690767612
265,2374542.3332569455
266,1786635.6455899063
267,2418932.518002437
268,1909322.2634533865
269,2056675.6636882569
270,2828236.373580001
271,2885084.713174269
272,2394961.260287445
273,2062805.3470438896
274,2230242.3896232313
275,2686954.427841993
276,2428203.8877774356
277,3332793.9237937946
278,2416785.149194983
279,2413239.7670597457
280,2196048.6540196934
281,2395856.5805344395
282,2339011.621386679
283,2733342.6517636958
284,2551059.871776691
285,2211050.2832378205
286,1732638.3561672687
287,1764436.6994656366
288,2573996.55186178
289,2000855.3138441034
290,1647336.0340375232
291,2458632.9557248
292,3331055.731351709
293,2277854.3732924843
294,2728517.878366662
295,2398348.110833898
296,2237230.8225920224
297,2763758.5332957758
298,2263292.264115192
299,2502694.673884093
300,2507969.360478153
301,2040156.2487420205
302,2650431.687227047
303,2338078.3791256538
304,2131813.515714855
305,2530618.3732661377
306,2052503.961607189
307,2444791.986441039
308,2276491.814912208
309,2802336.2753838613
310,2491172.0733531336
311,2309847.0324735
312,2742767.8290480385
313,2962565.5140749672
314,2614165.2960083405
315,2440707.6648154
316,1921885.9284498307
317,2041339.2344504052
318,2204714.4893011493
319,2159124.159970464
320,2261036.1416599466
321,2367079.745185332
322,2583267.566430032
323,2233018.9072211348
324,2675053.737347804
325,2258824.8530943166
326,1645475.9761428912
327,2110453.435019612
328,2351742.593807363
329,1992752.2876874732
330,2614703.4433852537
331,2938961.947896587
332,2698158.4153750115
333,2271354.20710571
334,2841180.4163753297
335,2470020.62518188
336,2209659.492878136
337,2057427.1439563727
338,2204186.9295750987
339,2239539.383562815
340,2342626.8183687143
341,2311190.0357017047
342,2357351.5678640176
343,2516061.201235612
344,2738195.871770953
345,2645076.416755053
346,1884659.2037537536
347,1489073.650598221
348,2518671.486856822
349,1847918.5531968432
350,2242053.7235554685
351,1983796.648157029
352,1871148.3261632475
353,2609981.4439824712
354,2603579.329864372
355,2141724.166864989
356,1516957.4781039597
357,2151526.9689474013
358,2450652.7396376524
359,1895018.288537696
360,2318356.719551207
361,2374593.03602793
362,2678241.3712455817
363,2368675.6371016228
364,2050680.5993772682
365,2866707.196877753
366,2245293.50065011
367,2344945.7681437805
368,2033370.7269146575
369,2196116.6959210737
370,1981425.9208287997
371,2280290.182551676
372,3075507.0212676255
373,1994456.2655396014
374,1894970.1577174135
375,3104452.717229816
376,2193357.351118529
377,2177106.5539873047
378,2749920.590027688
379,2276589.2438022573
380,2969644.3323594704
381,2494818.9973047534
382,2117652.499878849
383,2888943.7016783315
384,2089500.8497866555
385,2530866.1399489474
386,2458825.3663026225
387,2878148.0219036336
388,3130940.1907638772
389,2424535.9207498897
390,2037879.7570219212
391,2407806.484469521
392,2148842.0899765748
393,2971711.37352874
394,2525151.295754561
395,2301253.8061954193
396,2358541.2356447135
397,1754469.963982784
398,2110742.3400044325
399,2785204.5063235587
400,2204966.3070648005
401,1850470.6653179945
402,2469446.2819768977
403,2793189.353914287
404,2609295.110944065
405,2665720.116389714
406,2132711.12684798
407,1800504.8964539492
408,2911694.855905253
409,2237863.173622947
410,2291962.989547186
411,2926090.1729114642
412,2414754.979257342
413,2324230.080965825
414,3368553.228664426
415,2148903.4674695437
416,2603716.6310171266
417,2477396.1638252037
418,2445054.2603151863
419,3057262.015827171
420,2530075.6696753977
421,2694999.8540999377
422,2898218.9216894032
423,2192025.942888228
424,2129512.8561127414
425,2044561.6283304798
426,1819211.120427691
427,3051564.043097232
428,2030020.021899638
429,2344041.7533246432
430,2055161.994525754
431,2321014.948651249
432,2376715.2692954284
433,2631761.431349546
434,2197182.617618242
435,2392854.143957901
436,2446637.757477727
437,2369446.1740322136
438,2789888.4933931595
439,2313429.265401331
440,2601957.495727676
441,2619427.0727429735
442,2782544.601064604
443,2155374.492006162
444,1916091.7554808578
445,2335794.199318566
446,2171017.457071479
447,2189308.2558489307
448,2450359.485199714
449,2756920.586608914
450,2236938.450918353
451,2439832.5071020606
452,3115485.7770041134
453,2321812.723127291
454,3515169.370951682
455,2490238.1199882184
456,1735564.9721659173
457,2605004.6888933396
458,2364683.983121955
459,2772505.981958034
460,2450204.551945546
461,2431194.9107264015
462,1948548.9732793686
463,2200028.204836353
464,2072198.3213798387
465,2132367.537152078
466,2532195.1154264933
467,3067916.51404609
468,2547392.8234384693
469,1912013.4422597925
470,2439222.2871291055
471,2767076.3538193004
472,1882854.8727126524
473,2130199.1230919813
474,2448541.28554179
475,2186786.6206885152
476,2551822.575766038
477,2340861.536135278
478,2518025.7402250944
479,2222771.399538158
480,2273345.4148187763
481,2591622.5367728095
482,2120625.3350879727
483,2803555.0437829252
484,2216769.5640145596
485,2342192.2181993253
486,2516009.3510532645
487,1838150.4661278378
488,1709531.4327857504
489,1957662.9744685285
490,2909210.152995735
491,2150899.1477139406
492,3599173.1221599835
493,2155051.184671736
494,2313350.1220709886
495,3093698.5322974636
496,3216716.756374882
497,3042172.123388445
498,2782208.4725253307
499,2622062.8035731
500,2395658.6039662077
501,2708661.725674859
502,2282504.3580118557
503,1937317.6727926165
504,2380803.9268383207
505,2216384.8562682783
506,2141726.6244075457
507,2530479.1417823704
508,2596364.4892894467
509,2373969.029295013
510,2814378.78228816
511,1988307.470863442
512,2264369.5185963497
513,2080278.9105051276
514,1698006.1599364572
515,2253599.236562442
516,2357371.415809919
517,2985568.84286235
518,2462696.9921482983
519,2012971.179394353
520,3170240.7000019476
521,2588171.5645189947
522,2598226.698803682
523,2196995.749426235
524,2063563.1668517739
525,2140863.964484948
526,2516182.1159027005
527,2867136.4602834675
528,2952848.616806897
529,2191616.5545194796
530,1899509.8526311358
531,2441826.212862624
532,1653850.6256640921
533,2444577.781363178
534,2164910.3125048857
535,2120107.675708217
536,1844206.9634009243
537,2430549.312049423
538,2123658.936508498
539,2029333.2779702113
540,1483025.1201202546
541,2395521.5887320014
542,2897470.0570230433
543,3054118.230907036
544,2287140.5958435186
545,1860072.0027047668
546,2424274.3476648307
547,2052236.3906678162
548,2427312.491190465
549,2659032.4379752013
550,2738006.84332914
551,2311203.766035534
552,2253746.6728959223
553,2130411.6698526023
554,2082661.3947105992
555,2288140.476275572
556,2428854.190070992
557,2629026.0158929816
558,2036424.2163249387
559,2967708.757360148
560,2206423.51702877
561,2354466.523773967
562,2222736.1605736674
563,1673142.1854232247
564,2632823.606519225
565,2716079.741565597
566,2203892.9906642544
567,2124424.9384544617
568,2416815.2413027957
569,1682545.742940441
570,2126516.122822767
571,2635574.529252537
572,2038798.9822485372
573,2472636.236668869
574,1891537.149233759
575,2579432.7496980573
576,2065854.905942014
577,1848457.4130033061
578,2860364.6935988525
579,1952249.1160667096
580,2151007.526832133
581,2439600.881862588
582,2730568.342279691
583,2052349.959798829
584,2522841.191580555
585,2508980.443197
586,2615098.95745163
587,2356526.786507478
588,2131393.994740004
589,2124390.6228066166
590,2280308.02222535
591,1996528.792937993
592,1479633.5391232974
593,2539035.239941825
594,2710501.3476788546
595,1698784.4208478516
596,1968156.2640063078
597,2538141.20991671
598,3050182.634022929
599,2303412.9944960633
600,2125651.096470742
601,2335954.2098038173
602,2759842.2599793007
603,2184575.4094264526
604,2166196.691679017
605,2208030.9945967947
606,2147112.9198123175
607,2304575.692015712
608,2818735.044062256
609,2246480.840692069
610,2362081.757882139
611,2289904.4608344915
612,1843289.1542514067
613,2695258.8271975224
614,2195612.1564427195
615,2442449.780363805
616,3793012.4512379644
617,2455644.426071778
618,2142853.763421819
619,2230872.7792547154
620,2797207.0957796527
621,2299229.7505700327
622,1916273.534514335
623,2843815.1516163372
624,2208295.12403871
625,3255755.5714401156
626,2692598.534752114
627,2093718.2509170156
628,2818301.041840868
629,2367370.4986501755
630,2756845.293153984
631,2313374.92292002
632,2162451.484324896
633,2109690.4357853024
634,2681430.7947009834
635,2126802.3282315237
636,2030527.736634631
637,2083835.0496025102
638,2498868.3413026817
639,3000814.082283332
640,1875717.8906327055
641,2312853.983508837
642,3041240.90220968
643,2286721.884844274
644,2328344.9030584306
645,1974585.9830982713
646,2466157.3254525377
647,1939844.99044129
648,2701929.49707293
649,2768997.7941906103
650,3533656.813755157
651,2700102.4824727476
652,2549561.4912512363
653,2381584.2821838413
654,2107962.398950047
655,2644186.3534956654
656,2242146.1377558624
657,2398918.7990441755
658,2844688.484972972
659,2023666.5622260736
660,2757875.8891472756
661,2780656.3022429356
662,2245563.439572472
663,1697341.617736101
664,2086902.903268096
665,2756239.9148575533
666,2339760.461823694
667,1992502.3644802868
668,2274771.025863855
669,2274564.9796660203
670,2632944.635883453
671,2347897.1526155765
672,1984189.5894110028
673,2172002.997147192
674,2003685.19991319
675,2789569.9896303522
676,2155307.329791442
677,2667543.466876334
678,3099688.47044685
679,2800791.4391034273
680,2281709.867303299
681,2548063.016956861
682,2213095.7355012777
683,1998285.7557034136
684,2497239.0515139396
685,1853466.5173811521
686,2865196.320191176
687,2160351.7382195424
688,2371323.1709670676
689,2501545.803696646
690,2285509.1789161805
691,2513245.525917202
692,2262780.846588472
693,2537224.5747641814
694,1951695.3508932292
695,2431374.096148142
696,3087193.868055901
697,2036365.48678262
698,1994751.2272733725
699,2603045.7331569986
700,2384815.719830634
701,2412177.6944442494
702,2606811.793927541
703,2496420.787332552
704,2585675.1777760237
705,2306332.698169542
706,2302370.174621149
707,2437775.0861730254
708,3281110.6271186844
709,2053377.8771971175
710,2126885.7325551645
711,2779296.2965667536
712,2285536.0699668843
713,1650160.589758502
714,2694355.9046021206
715,2152800.182164442
716,2393724.013058283
717,2468299.53057505
718,2419019.6680818135
719,2559813.8827496707
720,2182838.795694273
721,2553209.073153822
722,2065898.683898819
723,2452234.014111731
724,2632037.033494801
725,2044160.8242965175
726,2732219.4975466267
727,2158832.805361407
728,2673357.436512695
729,2416076.9744437127
730,2980177.008616086
731,2275791.655078599
732,2125906.903751497
733,2366551.48876416
734,2053767.429483866
735,2729297.887064024
736,1865827.1641641029
737,2013177.2552572053
738,2058699.6728147017
739,2837554.8778616465
740,3127071.5288053555
741,2098789.6017880393
742,2148859.8037949135
743,2299183.3214429864
744,2785977.6412238725
745,2070912.509454197
746,2350297.45981907
747,2723559.916949204
748,2441459.8075903524
749,2342264.377633955
750,2544113.0003444017
751,1496934.4258438763
752,2429613.841160837
753,2031154.603528661
754,1841004.0449392302
755,2421956.3813525294
756,3091714.7683932204
757,2330304.2027269206
758,2714342.993851757
759,2866430.5264844545
760,2919120.637510885
761,2918280.343974859
762,2625563.4862751607
763,2541610.0416962868
764,1830110.8826165008
765,2341270.747305092
766,2000119.982607328
767,3231215.7779932474
768,2404659.9737164914
769,2317475.532920116
770,2685705.0863633505
771,2412940.100855562
772,2944801.509806362
773,2176993.4742551465
774,2486828.0016590054
775,2137197.238562396
776,1778226.193816051
777,2068785.400892261
778,2302695.827864694
779,2182979.290641697
780,2153190.456161064
781,1905059.8790293382
782,2168747.6982212327
783,1892078.9226025792
784,2676080.8840258396
785,2411234.6512948903
786,1948656.1842548812
787,2296330.991574068
788,2123353.6512942035
789,2442532.3704520892
790,2636572.575292848
791,1792715.4451126326
792,2394870.5384011297
793,2303836.5594830215
794,2437961.784038029
795,2298728.6143132513
796,2164294.1189919095
797,2223543.459097972
798,2125383.2722109365
799,2750601.5066049113
800,2348273.4352033986
801,3207387.7119723284
802,2268608.970429909
803,2110380.395483186
804,1828606.3193382758
805,1752664.3488353465
806,1819977.8282713727
807,2450752.5923348526
808,2475049.7435505525
809,1919962.5692130818
810,2570471.5670052567
811,2159022.446086614
812,2347732.851612439
813,3120099.0712260534
814,2692278.7268515644
815,2325349.8440692676
816,1905948.2908101704
817,1708448.6622247866
818,2161344.251124687
819,2272691.8354193447
820,2090111.1482303713
821,2244575.7800811986
822,2475276.8913036995
823,2418614.29422338
824,2087636.0269315487
825,2354971.1465119445
826,2618271.2044540844
827,2086810.1837709544
828,2827996.232036547
829,2264327.3737643617
830,2318164.175087002
831,2441327.297999576
832,2325761.3520481717
833,2581179.1706182584
834,2362871.010375991
835,2128395.495888285
836,2486225.8783056936
837,2069038.3342517372
838,2274749.558343128
839,2404467.003479476
840,2247610.761169871
841,2286700.354058794
842,1805473.6927076888
843,2046057.572991843
844,2404617.468826885
845,2408914.1697455137
846,2038973.4669128754
847,2855781.3386331666
848,2204054.6447481513
849,2630463.7033585827
850,2439011.41537897
851,2065039.3113931012
852,2981665.2508579274
853,1901617.3955373184
854,2790754.4978993596
855,2844207.7042432236
856,2064116.149972025
857,2778439.220988147
858,2290146.727256162
859,2386130.255607594
860,2485350.3416983276
861,2306750.498833884
862,2454426.2893394823
863,2766560.230757454
864,1901020.8286720086
865,2768331.5507933055
866,1792469.787675378
867,2757176.065975337
868,2802699.9036543765
869,2031569.1284618292
870,2335743.997741411
871,1967186.7668012094
872,2187800.018526938
873,2093273.8068876415
874,2548518.090295775
875,2840178.9836971913
876,3046454.7518373346
877,2104049.931205629
878,2281811.7763749626
879,1814317.4451942127
880,2154473.7548525883
881,2903424.750813122
882,2914964.6920438996
883,1904736.577788573
884,2216023.1256420654
885,2385502.854669346
886,2581325.6438128366
887,2111923.0281184167
888,2452759.3340933956
889,2221765.4516384397
890,2421560.081661134
891,2610038.5979318707
892,2381812.250037017
893,2270215.0902881455
894,2390740.2861211477
895,2412367.6587697184
896,2262666.9429835314
897,2234386.3748789136
898,2987653.1496273624
899,2645588.490268849
900,2159091.7664022543
901,2631358.3625135575
902,2187484.4853075403
903,2791018.472034038
904,2573295.250144122
905,2315569.9993765606
906,2505207.538840248
907,1733444.9632600048
908,2026940.1608010328
909,1999347.013466819
910,2544637.6869986365
911,2993375.9869321254
912,3290276.932415006
913,2593759.7769900793
914,2649273.4321623878
915,1776293.091087481
916,2176196.1434973422
917,2121344.50907254
918,2143692.2033047685
919,2238879.954832357
920,2192404.5335373143
921,1801567.9659922994
922,2499741.735904183
923,2000492.1179178508
924,2353011.476852685
925,3319001.35975132
926,1892185.9312093414
927,1562747.572973574
928,2271350.7814225582
929,2898178.6219695485
930,3124172.807327541
931,1899838.0057425804
932,2669107.638746308
933,2036943.2683110712
934,2046417.2137654596
935,3532330.9885191154
936,1828478.975719383
937,2321872.0062562204
938,2571476.927105349
939,2773073.360903315
940,2317264.076041628
941,2308080.53474717
942,2269620.0105736977
943,2490485.0678122034
944,2210296.9148537265
945,2716957.3303957763
946,2107967.3957072585
947,2297918.213498136
948,2260799.7468465483
949,2760806.88471017
950,2338134.0017468487
951,1775297.1363057704
952,2862216.083614219
953,1927635.5079670206
954,2220803.662810101
955,2128882.3768899716
956,2983141.428142264
957,1718711.859110223
958,3805396.2553427867
959,2791878.7998632635
960,2457155.5777569762
961,2371582.3423092165
962,2546196.992791207
963,2544743.2027975665
964,2640929.774857972
965,2529801.4744953834
966,2482482.84997394
967,2205677.9979169155
968,2416089.6770213223
969,2265260.4672883847
970,2591826.930053592
971,2568172.7838582676
972,1461442.6520722758
973,2654369.7119592745
974,2340959.7736220914
975,2289652.042306624
976,2003277.1753114397
977,2717201.315594031
978,2354321.956203775
979,1929119.2197517199
980,2552337.378037903
981,2076900.3472118007
982,1930812.380614577
983,2040352.5268589656
984,2653425.6490292787
985,2696234.397277332
986,2396294.19174566
987,2735584.990903116
988,2600904.681260373
989,2105552.2543975343
990,2497129.261151913
991,2654216.290252152
992,2354407.2545034965
993,2767622.947494107
994,2526150.783409748
995,2358743.742610589
996,2714224.982236266
997,2461457.9528956385
998,2094740.0272778813
999,2227342.528485871
1000,2131271.7078038156
